userid,今日の内容で、分かったこと・できたことを書いてください,今日の内容で、分からなかったこと・できなかったことを書いてください,今日の内容を自分なりの言葉で説明してみてください,今日の授業の感想や反省を書いてください,質問があれば書いてください
C-2021-1_U10,,,,数学でベクトルを習った時には、ベクトルは数学ぐらいでしか使わないだろうと思っていたが、ベクトルがデータの表現や分析に使われ、私たちの身近なところにも応用されていることを知り、驚いた。今まで距離というのは直線距離、いわゆるユークリッド距離のことだという認識だったが、それ以外にもたくさんの距離の種類があり、それぞれ性質や使われる場面が違うことが衝撃だったとともに興味を持った。距離や類似度がほかにもどんな場所へ応用されているのか知りたいと思った。,
C-2021-1_U100,等距離面の図でユークリッド距離、ハミング距離、max距離を理解することができました。いろいろな基準における類似を知ることができました。内積は類似度なんだなと理解するとともに、ああ確かにな、と感心しました。,,,ベクトルに対して苦手意識があったのでわかりやすい説明でベクトルへの理解度が高まった気がしました。またいろいろな距離があり、それを使うときの例がわかりやすかったです。今回の内容は新しいことばかりだったけど理解はしやすかったです。,
C-2021-1_U101,ベクトルは高校の頃からしていたので並び順に意味があるなどという基本的なことは知っていたが、料理をベクトルで表したり、文書をベクトルで表したりなどということは、したこともなかったし考えたこともなかったので、新たな知見が得られてとても興味深かった。また、ベクトルで表したデータをプロットするとデータ解析が楽になるということがわかった。距離・類似度に関しては、距離がその定義に沿うものなら自分で距離を決めてもいいということを初めて知った。そのほかに、距離の種類に関して、ユークリッド距離は知っていたけど、マンハッタン距離について初めてそんな名前がついているということを知った。,編集距離についてがいまいちわかったようなわかっていないような感じだったのできちんと復習して理解したい。,ベクトルとは、数字のかたまりのことで、その並び順に意味を持つ。文書など様々なものをベクトルで表現することが可能である。ベクトルで表現されたデータの解析には線形代数がよく使われる。また、「距離」には様々な種類がある。最も有名な距離は「ユークリッド距離」で直線距離を表す。そのほかには道のりを表す「マンハッタン距離」、max距離。特にデータ分析における距離は自由度が高い。また、距離は条件を満たせば勝手に距離を作ることが可能である。距離は近い方が似ているが、この反対に遠い方が似ているという定義を持つ「類似度」がある。この「距離」や「類似度」に基づいてデータ解析が行われ、クラスタリングや系統分析などが行われる。長さの同じ２系列間の距離を表す「ハミング距離」、系列の長さが違っても大丈夫な「編集距離」などがある。,これから大学で、ベクトルを使ってデータをグラフにプロットして解析するとかいうことは結構しそうだと思ったので、今日の授業はとても実用的だと思った。また、ベクトルを説明するために使っていたカレーの例や小説の例などはとても分かりやすかった。,
C-2021-1_U102,,等距離面を使って違いを確認するところが理解しずらかった。,,,
C-2021-1_U103,,特にありませんでした。,,,
C-2021-1_U104,,,,高校の頃習ったベクトルは図形的なイメージが強かったのでをデータの分析に使うとは思わず面白いなと思った。,
C-2021-1_U105,ベクトルの数字の順は意味がある。データ解析における距離はデータ間の差異のことである。距離は近ければ近いほど似ているが、類似度は大きければ大きいほど似ている。max距離は一番要素が大きい値をとり、マンハッタン距離は直角にしか進めない。,マンハッタン距離とmax距離が難しかった。またcos類似度の内積との関係がよくわからなかった。,ベクトルとは、()でくくった数字の組のことである。料理、体格、文書、画像など様々なものはベクトルで表すことができる。また、ベクトルをグラフに表すことで、データを分析したり、識別することができる。距離とは、厳密には3条件を満たしたものである。最も一般的な距離であるユークリッド距離は差の2乗の合計で距離の2乗が現れる。,データ分析で距離を調べることによって、どれだけ似ているかということが調べられることが分かった。クラスタリングや、画像認識、異常の発見などに使われる仕組みも以前よりも分かったので良かった。ハミング距離や、編集距離についても違いがよく分かった。今回の講義は比較的わかりやすい内容だったので、面白かった。,
C-2021-1_U107,,,,ベクトルがデータ解析のツールとして使われていることを理解した。,
C-2021-1_U11,距離の種類について少し理解できた。,距離の条件が理解しにくかったので整理して理解していきたい。,ベクトルとは複数の数値を固まりにしたもので順番に意味を持つ。多数のベクトルを用いる事でデータ間の関係を分析していく。距離とはデータ間の差異で、類似度は距離とは反対の概念である。,距離にも様々な種類があり、ユークリッド距離では計算式も出てきていたので間違えないように気をつけていきたい。,
C-2021-1_U12,ハミング距離は通信路符号化の授業でやったところで、間違いの認識と似ているものの認識は確かに表裏一体なものだなと認識しました。,,"ベクトルによって多次元でものを認識できる、よってデータ分析に使われる
データ分析は、距離と類似度の考えを使って行う
これらにはまた種類があり、メリットとデメリットを考えながら最適なものを利用していく必要がある","似ているものの認識は、人間だと感覚的な部分があるきがするが、コンピュータの場合は、三平方の定理など数学的な距離やクラスタリングなどを利用していてとても納得できました。
で",
C-2021-1_U13,「編集距離」というデータを扱う上で使う距離を指す言葉や、それに関連した「マンハッタン距離」という特殊な距離を指す言葉を知り、またそれはどのような時に使うのかといったことも調べられたことで見識を広げられたと思います。,,,,
C-2021-1_U15,,,情報はベクトル（数字の組）で表される,思ったより難しくない内容だった,
C-2021-1_U18,,,"ベクトル　距離　類似度
ベクトルはデータを表示するために使われ、その分析には線形代数が用いられる。",,
C-2021-1_U2,,,ベクトル、距離、類似度について学んだ。ベクトルは複数の数値のカタマリで順番に意味がある。距離にはユークリッド距離、マンハッタン距離、max距離、ハミング距離、編集距離などがあり分析に適した距離を選ぶ必要がある。距離や類似度を利用することで認識やグルーピング、異常の検出ができる。,,
C-2021-1_U20,,編集距離の実際の利用場面がいまいちわからなかった。,ベクトルとは数字の塊のことで、順位が重要である。ベクトルのデータ分析には、線形代数が用いられ、行列などでデータを表すこともあるが、分析のためには多くのデータが必要となる。データがどのくらい似ているかを表す方法として類似度や距離があり、距離の中にも一般的なユークリッド距離からマンハッタン距離、編集距離など様々なものが存在するため、データに合わせ適切なものを用いていく必要がある。これらを利用することでグルーピングや以上の発見等が行えるようになる。,今日の授業の最初で見たベクトル化の例の部分で、情報分野だけでなく芸工の分野においてもベクトル化などが用いられていることが知れて、様々な分野で必要な知識なのだなと感じた,
C-2021-1_U22,,,様々な距離,,
C-2021-1_U23,ベクトルの定義について理解できた。マンハッタン距離、max距離は少し難しかったが図を見て理解することができた。,,ベクトルとは、複数の数値の組み合わせで、数値の順番には意味がある。ベクトルでデータを分析することで、データ間の関係性が見えてくる。「近い/遠い」、「似ている/似ていない」という観点から、データを認識したり、まとめたり区別することができる。データ間には、距離と類似度という概念があり、これらを使ったデータ分析(グルーピング、異常度、認識、クラスタリング)が可能。距離には、ユークリッド距離、マンハッタン距離、max距離、ハミング距離、編集距離などがある。類似度は、Jaccard係数、コサイン類似度などで考えられる。,,特になかったです。
C-2021-1_U24,ベクトルの考え方を用いることによって、データ間の関係を見つけやすくなるということがわかった。,,成績、健康状態など、特定の観点からのベクトルについて学んだ。距離や類似度を用いたデータ分析について考えた。,料理や花をベクトルで表すという発想が個人的には新しかったので、面白かったです。以前の授業では類似度の基準が何なのかわかりづらかったのですが、ベクトルを用いることでわかりやすく表現することができることを知り、もっとベクトル的な考え方を取り入れてみたいと思いました。ただし、さまざまな指標を用いてデータ間の距離を計算する必要があるので、注意したいです。,
C-2021-1_U25,,コサイン類似度,,ユークリッド距離の説明はわかりやすかった,
C-2021-1_U26,ベクトルで表記することで、データ分析の基本である似てるか似てないかの判別がしやすくなる。距離はたくさんある。自由。,max距離がよくわかりません。マンハッタンはなんとなく理解できました。,ベクトル、距離、類似度。ベクトルは複数の数値の集合。順番にも意味がある。多次元ベクトルとして数字以外も表現できる。ベクトルはデータの判別に便利。,行列や内積の計算が出てきて、じぇじぇじぇってなりました。,
C-2021-1_U27,,,"●ベクトル…複数の数値をかたまりにしたもの。データの組み合わせ。
　◎順番に意味があるので順序を変えてはいけない。
　◎1つのデータで分からなければ2つ、３つと増やしていける。
●データ分析の基本道具…「近い/遠い」とか「似ている/似ていない」、データの識別、まとめ、区別
●距離…データ間の差異（＝似てない具合）。
　◎「距離が小さい」２データは「似ている」。
　◎正の値しかとらない。
　◎単位の有無は自由。
　◎データ解析の基本。
　◎距離が変わると解析結果は「まるっきり」変わる。
　◎データや解析問題の性質に合致した「距離」を選ぶ必要がある。
●類似度…距離の反対の概念。
　◎「類似度が大きい」２データは「似ている」。
　◎正の値も負の値もとる。
●距離や類似度に基づいた分析例…ex. 相同性検索、クラスタリング、系統分類、判定、異常検知
●代表的な距離の例
　◎ユークリッド距離
　◎マンハッタン距離…ひし形になる
　◎max距…「チェビシェフ距離」を調べるとチェスの盤が例に挙がっていた
　◎編集距離…２系列間の距離。置換、挿入、削除の最小回数。
　　◎ハミング距離…２系列間の距離（系列の長さは「同じ」でないといけない）。「違う要素の個数＝距離」
●コサイン類似度…方向性の類似度を測る方法。長さを気にしなくていいときに使える。長さを考慮する場合はユークリッド距離を使う。
●距離や類似度の応用…ex. データ集合のグルーピング、データの異常度、データの「認識」ができる、クラスタリング
●Jaccard係数（類似度）…「（数学の）集合」の類似度。どのくらい共通しているかを測っている。",ベクトルはいろいろな見方ができるんだなと思った。個人的には、高校で習ったベクトルよりこの情報科学で習ったベクトルの方が、定義などがわかりやすいと思った。,
C-2021-1_U28,,今回の内容は、なじみのある内容、そして具体例がわかりやすかったので特にわからない・できなかったことはなかった。,複数の数値の組み合わせであるベクトルは、特定の観点の強さから対象を分析するデータの表現方法の一つである。また、データ間の差異をはかる方法として、距離や類似度があり、性質に合わせて様々なものが使われている。そしてこれらはデータのグルーピング、異常度、認識などに応用されている。,,
C-2021-1_U29,,,,ベクトルは難しそうだという先入観があったけれどスライドの例がわかりやすくて今までより理解が深まりました。,
C-2021-1_U3,"ベクトルとして表現されたデータの近さを測る時数学的な距離を使い、またその距離にも様々なものがあり、それぞれメリットデメリットがあってそれぞれのデータの解析のしかたに合った距離を
使う必要があることがわかった。",,画像などデータをベクトルとして扱うものがあり、そのデータを識別する時、データのベクトル同士がどれだけ似ているかをベクトルの距離としてみて判別する。その距離は一つではなく、評価の仕方でどの距離が適切か変わってくる。,身近な距離としてユークリッドくらいしか扱わなく、他の距離についてはほとんど使う場面があるのかと感じていたが、データの解析においてそれらの様々な距離はその適正に合った使い方がされるということがわかった。,
C-2021-1_U30,ベクトルとは何か、ベクトルを用いたデータ分析のやり方、距離の種類、距離や類似度の応用,,ベクトル、距離、類似度、それらの種類や応用,,
C-2021-1_U31,データの解析においてデータをベクトルに直して扱う意味が分かった。,,データの解析を行うときにデータをベクトルで表して距離や類似度などによって分類していく。どの系列の距離や類似度を扱うかでデータの解析後の形も大きく変わる。,ベクトルの実用的な使い方の一部を見ることができてよかった。,
C-2021-1_U32,中学、高校と距離を学んできて、距離と聞いて自分がイメージしていたものはユークリッド距離であることが分かった。情報の世界では距離は条件を満たすと何でもよく、様々なものがあって用途によって必要な場面が変わることが分かったので面白いなと思った。,ユークリッド距離、マンハッタン距離、max距離の等距離面での違いの図が完璧には理解できずあやふやな箇所があるので、よく確認しておこうと思う。,数値の組であるベクトルは順番に意味があり、様々なものを表現したりデータを分析したりできる。距離と類似度はデータ分析の基本的な道具であり、距離はデータ間の違い、類似度は似ている度を表す。距離には様々なものがあり、場面によって使い分ける。,,
C-2021-1_U34,,,ベクトルとは複数の数字を塊にしたもので色々なデータを表すことができる。それによってデータを識別したりまとめたり区別したりできる。また、距離について直線距離を示すユークリッド距離やマンハッタン距離、編集距離やmax距離などがありいろんな場合に合わせて最適な表現の仕方がも求められる。,,ありません
C-2021-1_U35,,,前半は、データをベクトルと捉える観点から学習しました。後半は距離、類似度について。ユーグリッド距離やマンハッタン距離から、データにおける距離にはどういうのがあるかを学びました。最後は、これまでの学びがクラスタリングに利用できることを確認しました。,ベクトルと聞くと、向き付きの大きさというイメージが強かったですが、確かにデータに利用できるということは具体例を通して確認できました。これは新しい発見でした。,特にありません。
C-2021-1_U36,,,"・ベクトルとは
・距離と類似度
・様々な距離・類似度
・距離や類似度の利用",,
C-2021-1_U37,,やはり線形代数がどのようにかかわってくるのかが分からなかったので線形代数の授業もより理解できるようになりたいです。,,感性語からロゴマークを作成するなど、「画像をベクトル化する」ことを可能にするデイープラーニングはあらゆる場面で活躍すると思いました。,
C-2021-1_U38,,,,今回学んだベクトルは高校でのベクトルと違い過ぎないかと感じたが、xとyという異なる要素の数値のカタマリであると考えると、今回の内容と繋がった気がする。数学的な距離というものには、厳密な条件があるのだと初めて知った。,
C-2021-1_U39,"私たちが普段見ている表やグラフは授業で教わったようなデータの組み合わせで成り立っていることが分かりました。
また、距離と類似度の概念が真逆であり、距離は小さければ小さいほど似ていて、類似度は大きければ大きいほど似ているということが新たに分かりました。",特にありません。,ベクトルはデータの表現方法としてよく用いられ、複数の数をカタマリとしたものでデータの組み合わせです。,今回の授業の内容は、個人的にソートなどの話より、より身近に感じて分かりやすかったです。,特にありません。
C-2021-1_U41,,,,"今線形代数を習っているのでそれがデータの分析において活躍することが分かり、実際にやってみたいと思いました。
",
C-2021-1_U42,,,,ベクトルは便利だなと思った。,
C-2021-1_U44,,,,今数学でちょうどベクトルを学習しているのでちょうど良かった。これまで何も考えずにベクトルの計算しかしていなかったから今日の授業で深く学べて良かったと思う。,
C-2021-1_U46,データ解析における距離は、データ間の差異を表し、距離が近いほど似ている。,,ものをベクトルで表現することで、データ分析をすることができる。,ベクトルや線形代数が出てきたので、すごく嫌になったけど復習までしっかりしたいと思う。,
C-2021-1_U47,ベクトルを使ってデータ分析をすれば一つの組み合わせで分からないいことも多数のデータを利用することで分析することができると分かった。,厳密の距離では数学的に非退化性、対称性、三角不等式という三つに分かれて定義されていることが少しわかりにくかった。,ベクトル、距離、類似度の三つを詳しいところまで学んだ。,ものをベクトルで表せば、今まで表せなかったことも表せると分かって自分も日々の生活で活用できるなと思った。,
C-2021-1_U48,,ユークリッド距離に関して、大体の概要は理解したが次元がどれだけ増えても距離が計算可能というのがうまくイメージが掴めなかった。4次元から複雑になってしまうのでとりあえずその文言だけでも覚えておこうと思った。,ベクトルとは複数の数値をカタマリにしたもので、数字の順列に意味が含まれている。このベクトルはデータの組み合わせであり、多数のベクトルを用意することで関係がわかる。「距離」とはデータ間の差異を示し、距離の公理を用いて求めることができる。「類似度」とは距離の反対の概念で厳密な定義はない。,,
C-2021-1_U49,"・多くのことが項目を設定して数値化すれば、ベクトルとしてい比較できる
・距離には色々な定義がある
・距離はデータ解析において基本",数学でやるような図形的な距離は想像もつくしわかりやすかったが、ベクトルとして表した時の数字のみしか出なくなった時の”距離”というものがいまいちよく頭に入ってこなかった,"・ベクトル　複数の数値の塊　順番が大事　データ
・ベクトルのデータを用いて可視化→クラスタリング
・距離　データ間の差異　（数学的は、非退化性、対称性、三角不等式を満たせばなんでも良い）　小さければ小さいほど似ている
・類似度　距離と逆の概念　大きければ大きいほど似ている
・ユークリッド距離、マンハッタン距離、マックス距離などがある",データ解析において距離が大事とあったので、ものを数値化してベクトルに直したり、そもそもの項目の設定がより大切になってくるなと思った。,
C-2021-1_U50,ベクトルがデータ分析にどのようについて利用されているのかを詳しく学ぶことができた。また、類似度や距離のさまざまな応用方法について理解できた。,,ベクトルを利用したデータ分析について学ぶ。類似度や距離を理解し、その利用方法について学ぶ。,今ちょうど、線形代数の授業で行列を習っていて、こんなのいつ使うんだと思っていました。しかし、今回の講義で実際に活用されていることを知ることができて、どの科目の勉強も大切なんだということを実感できました。,
C-2021-1_U51,ベクトルはデータ分析をする際にあたってあらゆる分野において有効活用され、ベクトルの特徴を生かしたデータ分析方法もよく例として身近で見られることが分かりました。,ユークリッド距離についての概要は理解できましたが、距離を実際に数式を用いて導出するときは少し慣れず時間がかかるかなと思いました。,"ベクトルについてとその表現方法
相反する意味として使われる「距離・類似度」についてとその使われ方
分類の応用・クラスタリング","高校時代、数学で学んだベクトルは正直あまり実用性がないと思っており、ベクトルの有効性に気づきませんでしたが、データ分析と絡めてベクトルをさらに学んでいくと、その有効性に気づき、とても重要な役割を果たしているなと思いました。
距離や類似度についても条件やデータに合わせてしっかり使い分ける必要があるなと感じました。",
C-2021-1_U52,,max距離がどのようなタイミングで使われるのかわからなかった,,今日は様々な距離が出てきた。データを比較する際様々な距離を駆使していく必要があると思うが、適切なデータをえらべることが今のところできないので理解度を増していきたい,
C-2021-1_U53,ユークリッド距離については三平方の定理と同じようなものだったので、もっと大規模での計算ができることに驚きました。,コサイン類似度やJaccard係数などについてがちょっと理解が難しかったのと、このような関数はどのようにして生まれたのだろうと思いました。,ベクトルとは複数の値の塊であり、データの代表的な表現方法の一つである。ベクトルでの表現方法は対象によって変わってくる。距離と類似度においては距離といっても様々な種類があり、ユークリッド距離や編集距離など用途によって変える必要がある。,今日の内容は先生がおっしゃっていてように難しいものではなかったと共に聞いてことのある言葉も多かったので理解しやすかったです。ベクトルのカレーの例などは分かりやすかったです。,特にありません。
C-2021-1_U54,データをベクトルとして表すということはなんとなく分かっていたが、今まで曖昧だった「似ている」ということがベクトルと関連付けることで理解することができた。,いくつか距離が出てきたが特にマンハッタン距離については使い方がよくわからなかった。,,,
C-2021-1_U56,距離には種類があり、それぞれ数学的なグラフで説明することができる。,それぞれの距離を数学的に表すところがあまり整理しきれなかった。,"ベクトルはデータの代表的な表現方法のの１つで何がどのくらい強いかまたはあるかを数学亭
的に表現している。距離と類似度はデータの近さを測る方法で対象や用途により様々な方法を使い分ける。",今回はいつもよりも数学的に考える場面が多く、情報量が多かったのでしっかりと復習をしておきたい。,
C-2021-1_U57,,特にし,,ベクトルを矢印以外で使うことにあまり慣れていないので、最初は戸惑いはあったが、理解出来た。,
C-2021-1_U58,距離はデータ間の差異なので似ていないと大きくなるが、類似度は大きいほど似ているので距離とは対の関係にあるということは、今まで知ってはいたが、深く考えたことがなかったので、面白いと感じました。,,,距離と言われるとユークリッド距離が思い浮かびがちだが、マンハッタン距離やmax距離といった異なる要素を際立たせる、あるいは違った観点から捉える距離が存在し、日常的にも使っていたことが興味深いと感じました。,
C-2021-1_U59,,ユークリッド距離とマンハッタン距離、ハミング距離は分かりましたが、max距離がイマイチよく分かりませんでした。,,高校で習い、また今現在進行形で線形代数で習っているベクトルは、こんなふうに情報の分野で用いられるんだというのを知り驚きました。また、マンハッタン距離の名前の理由が面白く、印象に残りました。,特にありません
C-2021-1_U60,ベクトルの考え方がどのようなところで使われているのかを学んだ。距離、類似度について学んだ。さまざまな距離や類似度についても学んだ。,,"ベクトルはの考え方は生活のいたるところで活用されている。
数学における距離は非常に自由度の高い概念である。
類似度は距離と逆で大きければ大きいほど似ている。
有名な距離や類似度について学んだ。",勉強になった,
C-2021-1_U61,,,"ベクトルとは複数の数値をカタマリにしたもので、順番に意味がある。また、ベクトルでは人や料理、体格、文書、画像を表すことができる。
距離と類似度は反対の概念。
最も代表的な距離はユークリッド距離で、三平方の定理と同じ。","今までの授業で一番数学とのつながりの強さを感じた。
前回よくわからなかった線形代数との関係がよくわかった。
距離の種類がとても多くて驚いた。
意外とクラスタリングの考え方が簡単だった。",
C-2021-1_U62,マンハッタン距離、max距離、ハミング距離、編集距離、jaccord係数、コサイン類似度などの概念を知った。,クラスタリングの方法。,データの世界ではその用途に応じて様々な距離の測り方がある。,データの世界では距離の表し方がたくさんあって興味深かった。,
C-2021-1_U63,データの距離には様々な距離があることを初めて知った。ベクトルの距離を表すものだけでなくハミング距離だったり編集距離だったりと違う要素の数を示すものなど目的が違うものもあることがデータの距離の特性だと理解した。,,ベクトルはデータの性質を、距離や類似度はデータ間の関係性を調べるのに役立つ。距離はデータの関係性によってさまざまな使い分けがされ性質に合致したものを選ばなければいけない。距離には普通に使われるユークリッド距離、一つでも大きく差異があることを簡単に示せるMax距離、マンハッタン距離などがある。距離や類似度を利用してデータのグルーピングやデータの認識を可能にする。,普通に生きている中での常識に捉われない考え方がデータの世界にはあることが興味深いなと感じた。データにおいてベクトルが重要であることがよくわかり、一見数学に見えるが決して数学に落とし込む必要性がなく、これは見方を変えることも大事だなと思った。,
C-2021-1_U64,さまざまな距離についての理解,,ベクトルとデータ分析の関係,マンハッタン距離など一般的に使っているユークリッド距離ではないものを知れてよかった。レーベンシュタイン距離は聞いたことがあったので勉強になった。,
C-2021-1_U68,距離にはユークリッド距離やマンハッタン距離などがある。距離は小さいほど、類似度は大きいほど似ている事を表す。データをベクトル的に考えることで、距離や類似度による分析が可能になる。,,,,
C-2021-1_U69,多数のデータからパターン認識ができる。ベクトルは矢印という認識があって線形代数がよく分かっていなかったが、数値の組み合わせであると知れて良かった。,クラスタリングの近さの基準はどのように決めるのか、好きに決めて良いのか気になった。,ベクトルは複数の数字データを組にしたもので、順番に意味がある。文書や画像もベクトルである。多数のデータを分析することでデータ間の関係が見えてくる。距離はデータの差異を表し、類似度はデータの似ている度合いを表す。ユークリッド距離が代表的。max距離やマンハッタン距離もある。類似度にはjaccard係数やコサイン類似度が使われる。近いものの検索やグルーピング、系統分類、異常検知などに使われる。,距離の測り方を、悪意を持って設定できるのではないかと思った。,ありません。
C-2021-1_U7,「距離」といってもユークリッド距離やハミング距離だけでなく、マンハッタン距離やmax距離など様々な距離の種類があることが分かった。また、類似度と聞くと似たもので分類することくらいしか思いつかなかったけど、異常検知や認識もできるとわかった。,42ページの等距離面がまだよくわからない。なのでもう一回考えてみようと思う。,ベクトルは様々なデータを表現することができる。ベクトルで表すことで、データ間の関係が見えてくる。距離とはデータ間の差異のことで、小さいほど似ているが、類似度は反対に大きければ大きいほど似ている。,,
C-2021-1_U70,距離の種類と次元の話,,,今日の話は少し数学的で難しかった。,
C-2021-1_U72,"ユークリットの距離についてよくわかった
面白い概念に感じた",,"文章や画像などさまざまなものをベクトルで表現できる　　　線形代数はデータ解析と深い関わりがある
距離と類似度　　　類似度は距離と正反対の概念",,
C-2021-1_U74,,"jaccard係数はよくわからなかった。（類似度を表すものなんだなというくらいの理解度）
","様々なデータはベクトルで現すことが出来る。ベクトルはデータの組み合わせだから、単体では見えて来ない関係が解析できることがある。
距離や類似度はデータ解析の基礎である。一口に距離といっても様々なものがあり、対象によって使い分けることが必要である。",距離という概念が覆される様で面白かった。,
C-2021-1_U75,,,"ベクトルとは複数の数字を塊にしたもので、その数字と順番にも意味がある。画像をはじめ、人のパラメータや料理、文書もベクトルで表現できる。表現方法は対象によって様々。データの組み合わせであるベクトルならば、1つの組み合わせでは分からないことも、多数のデータを用意することで、データ間の関係が見えてくる。そして、データ分析では、データが似ているか似ていないか、近いか遠いかが重要になる。データ解析における距離はデータ間の差異を意味する。類似度は距離の反対の概念で、大きければ似ているということを意味する。距離ほど厳密には定義されていない。
データ間の距離の表し方には複数ある。もっとも代表的な距離はユークリッド距離で、二次元であればピタゴラスの定理であり、また三次元でも同じように定義できる。そのほかマンハッタン距離やMAX距離といったものがあり、等距離面に示すとそれぞれの軌跡は異なるものとなる。ハミング距離とは等しい長さの2つの系列間の距離すなわち違う。要素の数である。一方編集距離は系列の長さが違っても２系列間の比較ができる。
これらの応用によって、データをグルーピングしたり異常度を示したりでき、データの認識も可能にする。",今まで数学でしか触れたことのなかったベクトルが、情報科学の分野で日常に役に立っていると知り、ベクトルを学ぶ価値が高まったように感じた。学問が複数の分野にまたがっていることが面白いと思った。,
C-2021-1_U76,これまでの授業で似ていることについて時折考えてきたが、今回、距離や類似度を利用してクラスタリングすることができることがわかった。,,"ベクトル、距離（ユークリッド距離、マンハッタン距離、max距離、ハミング距離）、類似度について
距離や類似度を応用したデータ解析について",私たちはものをごく自然に似ているや似ていないと感じることができるが、実は似ているという定義は曖昧で、以前の授業からもこの話がなされていたようにこんなにも奥深い話で面白かった。,
C-2021-1_U77,「ベクトル」というのが数学で習ったように、あるものを数値の成分ごとに、多角的に見たものであるというように理解した。,結局「距離」とは何なのか、自分の口で説明することができなかった。,データの距離と類似度について学んだ。,距離の種類ごとの違いについて理解したい。,特にありません。
C-2021-1_U78,,,ベクトルでデータを表現することと、様々な距離について,ベクトルの内積がユーグリッド距離と関係していたのを知って驚きました。,
C-2021-1_U79,ベクトルというものがどういったものに利用されているのか理解していませんでしたが、今回の授業で少し身近に感じることができました。ものをデータとして表すというのがどういったことなのかを理解することができました。また、類似度というのは聞いたことがありましたが、データにおける距離というのは考えたこともなかったので、実際にはどんな場面でどんな距離をつかうの調べてみようと思いました。,,ベクトルとは複数の数値を塊にして表したもので順番には意味があるため入れ替えることはできない。ベクトルで表すことで様々なものを表すことができ、ベクトルを比較することでデータを比較することができる。データ分析は近い、遠い、似てる、似てないなどが基本的な道具となる。その際に距離や類似度が使われる。ものをベクトルで表すことで距離や類似度で表せるようになる。距離はユークリッド距離が一番代表的であるが他にもハミング距離や編集距離など様々な種類がありどのように解析した以下によって使い分ける必要がある。類似度には集合の類似度を表すjaccard係数や方向性の類似度を表すコサイン類似度などがある。これらを利用することでデータのグルーピング、異常発見、認識などができるようになる。また、応用することで近いデータをまとめてぐる＾ぷを見つけるクラスタリングというものもでき、これは知見の発見などに利用されている。,私は高校でもベクトルが苦手で何に使うのかを理解できませんでしたが、実際にデータの比較の際に使われていることを知り、ベクトルへの考え方が変わりました。また、何と何が似ているかなどの類似度を見つけることは今後自分が研究をしていく立場になったときに使っていく技術だと思うので、しっかりと仕組みを理解していきたいと思います。,
C-2021-1_U8,ベクトルの新しい使い方がわかった。内積が大きい方が似てる度が高そうと感じた,,"似ている、似ていないを具体的な数値を用いて表す事ができる。
距離の表し方はたくさんあり、比較対象によって向き不向きがある。",,
C-2021-1_U80,,,,,上記の通り。
C-2021-1_U82,,,,今日の講義では最初に情報科学と芸工の分野を絡めた内容の説明があり、今までよりもより身近な授業に感じてとても楽しかった。情報科学の分野の距離には多くの種類があり難しくは感じたがそれなりに理解できたので良かった。,
C-2021-1_U84,,,,今日は小テストで満点を取ることができたので良かった。次回もこの調子で集中して受けたい。,
C-2021-1_U87,,編集距離、コサイン類似度はどういう距離なのかよくわからなかった,"さまざまな数値などのデータはベクトルで表現でき、線形代数の考えを使うことができる。データ分析において距離と類似度は基本的な道具である。
距離にはユークリッド距離の他にマンハッタン距離やmax距離など様々な距離の測り方がある。
距離や類似度を利用して画像認識やクラスタリングができる。

",,
C-2021-1_U9,上記と同じ,後半の等距離面で、、、というページあたりからよくわからなかった。,,,
C-2021-1_U90,ベクトルの表し方はシンプルだが、表せる情報量は大きい,マンハッタン距離と、マックス距離の違い,データを表すベクトいう概念,大抵のデータはベクトルで表すこと月できて便利だと思ったが、外戚とか内積とかやってややこしくするのは良くないと思う。,
C-2021-1_U91,標本選択バイアスの具体的な内容を学べた。データ抽出の側面がわかった,小テストで結構間違えたのでオープンデータの定義が理解できてない気がする,今日はデータについて広く学び、具体的にはデータ収集における抽出の方法やオープンデータについて学んだ,データ収集における調査の話を聞いて、報道の偏りについて考えさせられた,
C-2021-1_U92,可視化する際に自分がどういう軸を設けるかによって見え方にバイアスがかかるということがわかった。,"わかりやすかったので多分大丈夫だと思います。数式計算がなかったからというのもあるかもしれませんが。
でも、多次元データの可視化のところは結構難しかったです。",データの可視化についての授業だった。,多次元データの可視化のところを理解するのが難しかったです。テストがのような形式になるかが気になります。,軸を恣意的に選ぶべきではないとのことで、もちろんよくないこととはわかってはいますが、日常生活でみるデータには恣意的に作られたものがかなりの頻度で見受けられます。先生は恣意的なデータついてどのような意見をお持ちですか。
C-2021-1_U93,ユークリッド距離とマンハッタン距離とMAX距離の違いが少しわかった,,ベクトルについて,私は入門線形代数学を授業で受けているので活用したいと思いました。,
C-2021-1_U94,"距離にはいくつか種類があり、距離の大きさを利用してデータ分析ができるということが分かった。
ハミング距離は長さの同じ２系列距離を表す事ができ、編集距離は長さの違う２系列距離も表す事ができる事が分かった。
類似度を表すにはJaccard係数を使う事がわかった。",,,"ベクトルは数学で勉強してきたので順番が大事ということなどは、今まで習ってきたx、y、zの関係と一緒だなと考える事ができたので理解しやすかった。
ユークリッド距離も数学と同じだったので理解できた。
編集きょりは系列が違っても良いという事だったので優秀だなと思った。",
C-2021-1_U95,ユークリッド距離、マンハッタン距離、max距離の違いがわかった。ベクトルという複数の数値の組を用いることで見えてくることがあることがわかった。,,ベクトルは数値の組であり、ベクトルでしか分からないことがある。距離や類似度はデータ解析の基本道具である。距離には様々な種類があり、場合に応じて使い分ける必要がある。類似度は距離ほど厳密ではない。,,
C-2021-1_U96,ベクトルを使えば様々なものを表せるということ。,xとyの距離の二乗を表す式の読み方。,物事をベクトルで表すことで比較が容易になる。,日誌の提出が遅れてしまッったことが反省です。,これまでの数学ではベクトルの距離は絶対値で表していたのですが、二重絶対値である理由はなんですか？
C-2021-1_U98,対象に合わせて適切な距離と類似度を用いて、データをベクトルで表現できることがわかった。数学で習っているベクトルや線形代数の実践的な利用価値がわかった。,距離で考える時と類似度で考える時の違いがよくわからなかった。,,データの分析には数学が大きな役割を果たしていることを改めて感じた。人間が感覚的に行なっていることを機械的に行うことはとても難しいと思った。,
C-2021-1_U99,ベクトルの有用性について理解ができました。,,ベクトルはその項目を設定することでものとものの類似度を表す指標になる。,今まで数学でしか使っていなかったベクトルの利用について知れて面白かったです。,
C-2021-2_U10,データをもベクトルを使って表すことができる。,,類似度により、別のデータ同士の類似性を調べられる。,,
C-2021-2_U100,ベクトルは多様な利用方法があり、データの代表的な表現方法であることが理解出来た。また、距離と類似度についても表現がどのような意味を指すのかを理解出来た。,,ベクトルデータの組み合わせであり、料理や画像認識など様々なものに渡って使用されている。また、データにはデータの近さを知る方法として距離と類似度という相反する2つの方法がある。データの対象によって使い分けることで、わかりやすくすることが出来る。,普段数学で何気なく利用していたベクトルが情報の分野に出てきて少し驚くとともに、便利さや有用性を理解していたので納得もして、とても面白いと思った。,
C-2021-2_U101,,特にありません。,"ベクトルとは複数の数値を塊として表現したものであり、数値の並びには意味がある。情報のベクトル化は様々な観点から行うことができ、その対象によって表現方法は変化するが、いずれも数学的な比較が可能となる。データの代表的な表現の１つであるベクトルは、線形代数を用いて分析されることも多い。多数のデータを用いることでデータ間の関係を見出すことができ、分類が可能になったりする。データ分析の手法として基本的なものがデータ同士の距離や類似度である。
データ解析における距離とは、日常生活の概念よりも自由度の高いものであり、データ間の差異を表現したものとなる。また、数学的に厳密に定義されている。一方、類似度は厳密な定義はない距離とは反対の概念で、大きいほど似ていることを表す。
距離には種類があり、それによって解析結果が大きく異なるため、その原理やメリット・デメリットを理解してデータや問題によって使い分ける必要がある。最も代表的な距離はユークリッド距離、そのほかにたどった道のりの総和のマンハッタン距離、最も違う点に着目したmax距離、長さの同じ２系列間の差異を表すハミング距離、その一般化である編集距離などがある。類似度にも種類があり、集合の共通度合いを表現するJaccard係数、方向性に関係するコサイン類似度などがある。距離や類似度は、データのグルーピングや異常検出、認識、クラスタリングなど様々な場面で応用されている。","「ベクトル」や「距離」は高校までに習っていたり、日常生活で使う言葉ではあったが、分野が違えば捉え方の幅が広がるということが面白いと感じた。特に、距離の種類の多さには驚いた。正しく理解していないと何を表現したいのか分からなかったり、自分の思い通りの表現ができなかったりするためきちんと理解したいと思った。また、ベクトルや距離、類似度の考え方によってグルーピングやクラスタリングが可能になっていると知り感動する一方で、今までの講義の中で学んだ基準を設定する難しさや数値化したものの扱いの難しさを思い出し、データサイエンスの奥深さを感じた。
自分が将来進む分野においてもデータ解析やその利用が求められており、それはますます重要な力になると感じたので今後も予習復習はもちろんのこと、興味を持ったことについては積極的に調べて、正確な知識を身につけていきたいと思った。",
C-2021-2_U102,"データ分析には「距離」や「類似度」という指標を用いるが、その中にも種類があって特に「距離」に関しては分析したいものに合わせて用いる種類を考えなければならない。
ベクトルとは数値を集めたもので一種の表現方法であり、線形代数の処理を使うことでデータ分析を行うことができる。",,今回の講義ではベクトルがデータ分析において使われていることを学んだ。ベクトルとは数値をまとめたものであり、それを多数用意することでデータを分析することが可能になる。分析の中では「距離」や「類似度」という数値を使う。,高校までで学んできたベクトルの概念とは少し違って多次元ベクトルについて扱っていて面白いなと感じた。線形代数は前期で学んでいたのでそれが情報科学のデータ分析に使えると知って感動した。,
C-2021-2_U103,データ分析にベクトルの考え方を用いることで、データの要素の強さを表現し比較することの仕組みや利便性について分かった。距離や類似度の指標は用途に合わせた種類の距離、類似度を用いて、画像認識などに応用されていることが分かった。,,文書や画像データにベクトルを用いた表現を応用すると、データ分析で威力を発揮する。そのデータ分析の際に用いる指標には距離や類似度などがある。距離や類似度には様々な種類がある。,一度東工大の教授を訪問させていただいたときに、ありとあらゆる言葉をベクトルを用いて表現し活用する技術についてお話を聞いたことがあり、今回の内容はそれに関連があるものだったこともありとても興味深いテーマで、楽しく学習できました。,
C-2021-2_U104,,データの分析に数学的な要素が増えてきたので、よく復習しようと思う。,画像や文章など、さまざまなデータをベクトルとして表現することができる。ベクトルで表現することで、1つの組み合わせでは分からない多数のデータ間の関係が見えてくる。また、距離と類似度は反対の概念である。距離や類似度を対象や用途に合わせて使い分けることにより、さまざまなデータの近さを測ることができる。,ベクトルを用いて、さまざまなデータを表現し、それらを用いてデータの近さを測ることができることに驚いた。また、距離の計算に数学で習った方法が用いられることが興味深かった。,
C-2021-2_U106,様々な種類の距離や類似度の求め方やそれらの役割について理解することができた。,3つの距離の使い分け方があまりよくわからなかった。,ベクトルについてやその使い方や特性、ベクトルとデータとの関連および距離と類似度についてやそれらの関係、様々な種類の距離、それらのデータの分析における意味などについて学んだ。,今まで学んできた「ベクトル」や「距離」がデータの分析において薬に立っているということがとても面白かった。,
C-2021-2_U107,距離の考え方に、意外に多くの種類があったこと。ベクトルが「要素の内訳」のようなイメージで捉えられるようになった。,,学部別の情報科学応用例の紹介、ベクトルの説明と応用例の紹介、距離や類似度の種類の説明、ベクトル・距離・類似度の考え方がどのように分析に活かされているかということの説明,初めは距離と類似度の違いがいまいちわからなかったが、説明を聞いておよそのイメージがつかめた。以前習ったハミング距離が再び登場したことで分かりやすくなったように感じた。,
C-2021-2_U108,,,,,くだらない質問で恐縮なのですが、「理系が恋に落ちたので証明してみた」という漫画で、「好き」の定義について理系大学生が理論的に解明していこうとするドタバタ理系コメディ系漫画があります。「好き」の基準はいろいろあります。たとえば顔、スタイル、性格、雰囲気、しぐさ......etc。これって可能な限り考えられる「条件」がｎ個あると考えて、それをn次元ベクトルとして考えればよいのでは？と思ってしまいました。そして調査を行い各条件のデータを十分にとれば、n個の条件のうち何個かの相関関係は取れるのではないか、なんて考えたのですがいかがでしょうか。
C-2021-2_U109,"ベクトルが様々なデータ解析の基本となっていることがわかった。
一口に距離や類似度といっても多くの種類があり、それぞれに特長があることが分かった。",,ベクトル、距離、類似度,数学的な話が出てきてとても面白かった。,
C-2021-2_U11,"ベクトルを使って様々なものを表現していること
距離や類似度について",,"様々な学部でのベクトルなどを使う例
いろいろなものをベクトルで表現すること
情報における距離",実際にどのようにベクトルを使っているのかを知れてよかった,
C-2021-2_U110,,,データ表現として、ベクトルが用いられる。ベクトルを用いれば、料理のデータや体格、文書、画像などをデータとして表すことができる。このベクトルをデータとして分析するためには、距離や類似度が用いられる。距離はその数値が大きいほど差異が大きく、距離の公理を満たせば、どれも距離とみなせる。代表的なのは、ユークリッド距離やマンハッタン距離など。逆に、類似度は、その数値が大きいほど差異が小さい。これらの二つの概念を用いて、相同性検索やクラスタリングなどがなされている。,高校までとは違うベクトルの捉え方のように感じましたが、よくよく見てみると高校までとなんら変わらない概念であったことに驚きました。,授業中に様々な距離概念が登場しましたが、其々によってデータ分析における特徴があるのでしょうか。
C-2021-2_U112,ベクトルで表現される情報について理解することができた。また、ベクトルで表現された情報がどういった所で使われているのか、またそのデータを分析するために用いられる距離、類似度という新しい考え方を学ぶことができた。距離を求めるための方法が今まで数学の授業で学んできたことと繋がっており、理解し易かった。,距離や類似度に様々な種類があったので、１つ１つどういったものなのか理解していきながら整理して復習していきたい。,データを表現するのにベクトルを用いることができる。ベクトルは順番に意味があり、画像、文書など様々なものを表現するのに用いられる。ベクトル表現されたデータ分析には線形代数、行列がよく用いられ、多数のデータによりデータ間の関係を知ることができる。データ分析には距離、類似度という考えが必要であり、２つは互いに反対の概念である。距離や類似度には様々なものがある。また、分析し、クラスタリングすることで新たな知見を発見するのに利用される。,普段、主観的な感覚によって「似ている」、「似ていない」を判断していたが、そうした判断をより厳密に行うことがデータ分析において非常に大切なことであることを学んだ。また、ベクトルを用いて表されたデータを分析することが、薬学分野において応用することができるとは想像もしていなかったので、驚いた。数学で学んできたベクトルが、もともとは数字でない情報も数字に置き換え、そして分析する手段となることは新たな発見だった。,特にありません。
C-2021-2_U113,2つのデータがどれくらい似ているかはデータをベクトルで表した時のユークリッド距離を比較して考えることがあるということ,データを何次元ものベクトルとして扱い、分類することです。私たちは実際に見ることができないので、想像が難しく、分かりづらかったです。,ベクトルをデータ解析に活用する方法について。,私の専門の薬学の分野でもデータ解析が活用されているということが分かって面白いと思いました。将来十分に活用できるように今のうちからしっかりと学んでおきたいです。,特にありません。
C-2021-2_U114,数学でよく使ってきたユークリッド距離や以前の講義で出てきたハミング距離だけでなく、マンハッタン距離やmax距離、編集距離など用途に応じた様々な距離が定義されていることが分かりました。またそれぞれの違いも理解することができました。類似度は特に解析する側がどこに注目するかによって結果が大きく異なるので、様々なものさしを準備しておく必要があることが分かりました。,特にありませんでした。,ベクトルや行列はデータ表現によく使われ、線形代数の分野とも深く関わりがある。ベクトルを用いて多数のデータを用意、表現することで1つのデータだけではわからないデータ間の関係が明らかになる。そのデータ解析の基本となるものは距離と類似度であり、これらは相反する概念である。データのグルーピングや異常度の測定、認識や判定などに利用されている。距離や類似度の取り方によって解析結果が大きく変わってしまうので、データや解析問題の性質に応じた適切なものを選ぶ必要がある。,恥ずかしながら数学的な距離の定義を知らなかったので勉強になりました。コサイン類似度について講義されていた時に、こんなところにも三角関数が関係してくるのかと驚きました。cosの正負によって方向性の類似度が見えることになるほどなと思いました。各分野におけるデータ処理の応用なども紹介してくださってありがとうございました。次回以降の講義も楽しみです。,
C-2021-2_U116,距離には様々な具体的な距離があることが分かった。,類似度の概念が少しわからなかった。,データはベクトルによって表現することが出来、距離、類似度とも関係がある。,,
C-2021-2_U117,"ベクトルがどのようにデータの分析に使われているのか理解することができた。
ユークリッド距離、max距離、マンハッタン距離のそれぞれの違いがわかった。",ハミング距離と編集距離の違いがはっきりと分からなかった。,ベクトルとは複数の数値を塊にしたもので、日常の様々なものもベクトルで表現できる。データの分析にもベクトルが用いられる。これはベクトルで多数のデータを用いることで、データ間の関係性を知ることができるからだ。データの分析に使われる、似ている似ていないの概念は距離・類似度によって判断する。まずデータ解析における距離とは幅広くデータ間の差異の意味を持ち、厳密には距離の公理を満たすものとされている。距離の種類はユークリッド距離やｍａｘ距離など様々で、データ解析問題の性質に合致したものを選ぶ必要がある。次に類似度とは距離の反対の概念で、距離ほど厳密には定義されない。類似度にもJaccard係数やコサイン類似度などの種類がある。これらの距離や類似度を応用することで、データのグルーピングをしたり異常度をはかったりすることができる。,数学のベクトルしか知らなかったので、データの分析という場面でどのように使われているか知ることができて、ベクトルという概念を学習した意味を理解できた気がする。授業の冒頭に、実際にベクトルや距離がどのようにそれぞれの分野で使われているのか紹介していただいたのはすごく興味深かった。,特にありません。
C-2021-2_U118,距離、類似度は正反対の概念だがどちらもデータ解析の重要な要素となることがわかった。三平方の定理も距離の一種と言うことに驚いた。,"ユークリッド距離、マンハッタン距離、max距離などがよく考えないとすぐには理解できなかった。
",ベクトルは複数の数値をカタマリにしたものである。これは複数のデータの組み合わせなので、データのパターンが分かるようになる。また、データ解析において重要な要素に距離と類似度というものがある。これは相同性検索やクラスタリング、系統分類、判定、異常検知といった分析に使われる。,,
C-2021-2_U119,,,今回の講義では、ベクトル、距離、類似度について学んだ。また、自分の専攻である経済に役立ちそうなことも知ることが出来た。,今回の授業から、各学部に役に立つ情報が授業の最初に加えられて、すごいいいなと思いました。授業を受け始めた当初は、この授業は自分の専攻の経済に関係あることないのかもしれないと感じることがありましたが、徐々に関係性を見出だすことが出来、次回の授業も楽しみだなと感じました。,
C-2021-2_U120,ユークリッド距離の表し方。ノルム。,編集距離における、距離は最小回数がよくわからなかった。,データ分析にはベクトルを用いることができる。ベクトルは数値の組であり、組の数が次元となる。距離は小ささ、類似度は大きさ。,データ分析におけるベクトルの考え方が、思ったよりも難しくなくてよかった。,
C-2021-2_U121,,,情報科学において、ベクトル・距離・類似度によるデータ表現について学習しました。また、それぞれについてデータ分析とのかかわりについて学習しました。,,
C-2021-2_U122,ベクトルは様々なことに応用できる。また、ベクトルで表せば、距離や類似度が使える。,特に無いです,ベクトルは、複数の数値を塊にしたもので、順番に意味がある。様々なものがベクトルで表せる。ベクトルはデータの組み合わせであるため、データ間の関係がわかりやすくなる。距離と類似度は反対の概念。ベクトルで表せば多くの種類の距離や類似度が使える。「距離」には様々な種類があるが、データ分析の際は適切な「距離」を選ばなければならない。距離や類似度を活用すれば、文字認識や画像認識に応用できる。,線形代数を学んでいて、何に使うんだろうと思ってしまいますが、データ分析によく使われるのでしっかり学ばなければならないと感じました。経済分野もたくさんデータ分析を行うと思うのでしっかり勉強したいです。,特に無いです
C-2021-2_U124,具体例や応用例を知ることができた。,,"ベクトルとは
距離と類似度",今日の話題はとっつきやすく理解できた,
C-2021-2_U125,ベクトルとはデータの代表的な表現方法の一つであり、ベクトルの表現方法は対象によって異なってくる。例えば、料理を、文書だとどのような単語がどのくらい使われているかなどをベクトルで表すことができる。データの基本的な道具は「識別」「まとめる」「区別する」ことであり、それには「類似度」と「距離」を用いるのがよい。距離とは数学的に「非退化性」「対称性」「三角不等式」を満たすもののことであり、距離が小さいほど類似性が高い。類似度は距離ほど厳密なものではなく、距離とは反対の概念で大きければ大きいほど似ていることになる。モノをベクトルで表せば、距離や類似度を用いて「相同性探索」「クラスタリング」「判定」「異常検知」などの分析ができる。データの距離とはデータがどのくらい離れているか、つまりどれくらい違うかを表したものである。ユークリッド距離やmax距離、マンハッタン距離、ハミング距離、編集距離などがある。類似度にもコサイン類似度などがある。距離や類似度を利用してデータ集合のグルーピングや異常度、認識が可能になることを利用して画像認識やクラスタリングに応用できる。,編集距離がよくわからなかった。,ベクトル・類似度・距離について。また、その多方面分野における応用について。,ベクトルで表せば識別やクラスタリングが可能になるのがよくわかった。距離や類似度に関してもよく理解することができた。また、今回はベクトルに関して一般的に理解するだけでなく、多方面における応用例を知ることができた。特に、自分が将来関わることになるであろう薬学の分野における応用例は興味深かった。よりベクトルの重要さと便利さを理解することができた。,
C-2021-2_U126,,,経済・薬学・法の分野と情報科学のつながりのを学んだ。ベクトルとは複数の数値をカタマリにしたもので、その並べられた順番に意味がある。複数のデータを組み合わせることで分かることがある。データ解析における距離は、複数の対象物の似ている具合のことである。距離が変わるとデータ解析の結果に大きな影響が出る。距離には様々な種類があるが、編集距離とはハミング距離を一般化したもので、操作の最小回数を示す。,文書や料理、画像をベクトルで表す例えが、ベクトルの性質を理解するのにわかりやすかった。情報処理における距離には多様な種類があることを知ることができ、興味深かった。,特にありません。
C-2021-2_U127,ベクトルは、数学だけにとどまらず、データ分析でも大変活用されていることがわかりました。そして、これまで学習した画像解析やクラスタリングにまで応用されていることも理解できました。,特にありません。,今回の講義は主にベクトルについてであった。ベクトルとは、複数の数値をカタマリにしたものであり、順序に意味がある。多数のデータの関係を見出すために、データ分析で利用されている。そのデータ分析で重要な概念は、距離と類似度である。距離とは、データ間の差異であり、類似度はその逆の概念である。距離の代表例として、ユークリッド距離、max距離、マンハッタン距離などがある。これらは、データ集合のグルーピングやデータの異常度検出等で活用される。,今回はこれまでの授業で扱った話も多かったので、理解しやすかったとともに、良い復習の機会となりました。あと数回にはなりましたが、学習を怠らず努めたいと思いました。,特にありません。
C-2021-2_U128,,,"まず、ベクトルを用いて何ができるかについて学んだ。ベクトルを用いることで、株価の予測、化合物の特徴のグループ化、法令文書の解析などができる。
授業の本題ではまず、ベクトルとは複数の数値をカタマリにしたもので()の中にカンマで区切って書き、順番に意味を持つものだということだ。ベクトルには様々な活用方法があり、私たちの身近なものだと料理、文書、画像で表すことができる。また、ベクトルを用いたデータの分析は線形代数もよくつかわれ、行列もデータ表現に使われます。また、ベクトルはデータの組み合わせであるため、データ間の関係を見つけるには最適である。まとめるとデータ分析の基本道具として用いられるのは「近い/遠い」とか「似ている/似ていない」である。つまり、データを認識する、データをまとめる、区別することである。
次に、距離についてだ。「距離」には様々な意味を持ち、日常会話では物理的な距離や心情的な距離を表すが、データ解析においての距離はデータ間の似ていない具合や単位がある場合もない場合も距離を用いられる。ちなみに数学的には非退化性、対称性、三角不等式という条件を満たせば距離と言える。
次に類似度についてだ、距離は小さいほど似ていると言えるが、類似度は大きいほど似ていると言える。また距離ほど厳密な定義はされてない。
これら二つは相同性検索、クラスタリング、系統分離、判定、異常検知などに使われている。続いてはデータ間の距離についてだ。これは２データがどれくらい離れるかを表す。もっとも代表的な距離はユークリッド距離であり、三平方の定理を用いて表す。またこれはｎ次元のｎが増え続けて表すことができる。
そして、別で斜めにはいけない街のことをマンハッタンと言い、そのような距離をマンハッタン距離という。一番違うところを調べるのがmax距離という。長さの同じ２系列間の距離をハミング距離という。そして系列の長さが違っても大丈夫な編集距離という。
また、数学の集合の類似度のことで、どれくらい共通しているかを表していることをJaccard係数という。方向性の類似度を測る方法をコサイン類似度という。
さらに、学習した距離や類似度を使うことでデータ集合のグルーピング、データの異常度、データも「認識」。画像認識、クラスタリングができる。
",私たちが入試や講義で使うベクトルが情報科学に登場するとは思いませんでした。とても面白かったです。残り授業回数も少なくなりましたが、最後までよろしくお願いします。,編集距離はアルゴリズムで習った、最も効率が良いアルゴリズムはどれか？（曖昧ですみません）と似ているような気がします。実際同じ考えなのでしょうか？
C-2021-2_U13,,,"ベクトルとは複数の数値をかたまりにしたもので、その順番には意味がある。特定の観点から画像や料理などさまざまな事物をベクトルで表現することができる。ベクトルはデータの組み合わせであり、ひとつの組み合わせではわからないことも多数のデータを用意することでデータ間の関係が見えてくるためベクトルでデータ分析を行う。分析には線形代数や行列がよく使われる。データ解析において、「距離」とはデータ間の差異のことをいい、データ解析の基本である。数学的には、距離の公理と呼ばれる、非退化性・対称性・三角不等式の三つを満たすものが距離と呼ばれる。距離の反対の概念に「類似度」がある。これは大きければ大きいほど似ているもので、距離ほど厳密に定義されるものではない。
さて、距離にはいくつか種類がある。ひとつ目はユークリッド距離で、これは三平方の定理的なものである。また他にもマンハッタン距離やmax距離、ハミング距離や編集距離がある。また類似度にも種類があり、Jaccard係数やコサイン類似度などがある。これらの距離、類似度を目的に合わせて使い分けることが大切である。距離や類似度はデータ集合のグルーピングや異常値検出、画像認識などに応用できる。",前回までの講義で扱ったデータが似ているということを基本的にどのように表すかがわかってよかった。ベクトルの認識の幅が広がった。,
C-2021-2_U130,これまでの授業内容とも似通った部分が多く、話がわかりやすかった。高校までに学んだことの応用が実生活に生きていることがわかった。,,ベクトルとデータの関係性やデータの中で距離や類似度がどの用意使われていたかの説明。,これまでの授業で習ったこととも関連していたおり、ベクトルの重要さがわかった。応用例の画像認識の仕組みが非常に面白かった。,
C-2021-2_U131,高校の数学で用いていたベクトルと、情報科学で用いるベクトルはその意味が異なっていることが理解できた。,,"ベクトル・距離・類似度の考え方を用いて、法・経済・経工・薬のそれぞれの分野で何ができるか。
ベクトルを用いると様々なデータとその関係性をはっきりと示すことができる。
距離と類似度の関係は反比例である。（距離が大きい＝類似度が小さい　逆もまた然り）
「距離」という概念は一般的なユークリッド距離だけでなく様々な種類のものを持つ。",,
C-2021-2_U132,ベクトルはデータの集合であるということ,いろいろな距離、例えばハミング距離の話がよく理解できなかった。,ベクトルというデータの集合と、そのデータを分析するための距離、類似度というツール, 後半のいろいろな距離がよくわからなかったので復習したい,
C-2021-2_U133,ベクトルはデータの組み合わせであり、ベクトル表現を使うことはデータ間の関係性を見るのに役に立つということがわかった。近いや遠いといった距離もデータの解析において重要であることがわかった。2系列間の距離や違う要素の数といった様々な距離があることがわかった。,ユークリッド距離がどういうものなのかというのがわかりにくかった。,ベクトルで様々なデータを表現できることや、ベクトル表現を用いることでデータ間の関係が見え、データ分析ができるということを学んだ。また、距離や類似度といったデータ解析の基本を学び、様々な距離についても学んだ。,距離や類似度といったものがデータ解析において重要であることがよくわかった。画像認識やクラスタリングは、以前の授業でもでてきていたので、これらについてまた少し学べたのでよかった。,
C-2021-2_U136,距離にも種類があり、用途に応じて使い分ける必要がある。,,データ分析における距離、類似度,しっていることが多かったのですんなり理解できました。,
C-2021-2_U137,距離と類似度の違いを理解することができました。また、薬学の分野においても化合物の分類にベクトルを用いることができるということは初めて知ったのと同時に面白かったです。化合物の勉強をするだけでなく、データに強い研究者になる必要性を感じました。,日常生活の中で3次元までの距離は想像できても、4次元以上の距離は感覚的に想像しにくいなと思いました。,情報の観点から見たベクトルとはデータの組み合わせであり、多数のデータを集めることによってデータの間の関係がわかることがある。ベクトルを用いることで、データとデータとの距離が分かる。この距離が近いほどデータが似ているということになる。また、距離と反対の概念として類似度というものがあり、類似度が大きいほどデータが似ているということになる。この距離や類似度を用いることで画像認識やクラスタリングを行うことができる。,データの距離・類似度を勉強するだけでなく、それがどのように用いられているかを学べたのでとてもためになりました。薬学の分野においてもデータ解析がどのように生かされているか知ることができ、嬉しかったです。,なぜ距離の種類があんなにも多いのか疑問に思いました。
C-2021-2_U138,,特になかった。,,ベクトルという今までに学んだことのある言葉が出てきたので集中して聞くことが出来た。,
C-2021-2_U139,,,,今回の内容は、高校でベクトルを学んでいたこともありかなり理解がしやすかった。,
C-2021-2_U14,ベクトルを導入することによって、多様なデータを数字の組で表現できることが分かった。また、距離や類似度の概念によって、データ間の関係を理解することができるということを知った。一口に距離と言ってもユーグリッド距離、マンハッタン距離、max距離、ハミング距離、編集距離など様々なものがあることが分かった。,それぞれの距離のデメリットがよくわからなかった。,複数の数値をカタマリにしたものであるベクトルを用いてデータを表現することが可能である。ベクトルは文書や画像も数値の集合として表現できる。ベクトルでデータ分析をする意義は、１つの組み合わせで分からないことも、多数のデータを用意することで、データ間の関係を明らかにすることができるためである。また、いくつかのデータがどれくらい似ているかを示す概念として距離と類似度がある。距離と類似度は対の関係にある。これら２つに基づいて様々に分析が可能となる。距離には様々な種類がある。,高校時代はベクトルをただの数字の組み合わせや矢印と認識していたが、今日の授業を通して、様々なデータを表現することができるものであると知り、とても興味深かった。また、ベクトルの距離や類似度を使ってデータを分析できるというのもすごいと感じた。,特にありません。
C-2021-2_U140,ベクトルを用いることで、様々な種類の距離や類似度を見つけることができる。しかし、距離や類似度は何を基準にするかや、どのようにベクトルを用いるかなどによって容易に変わりうる。,max距離の説明がよく分かりませんでした。,ベクトルの定義と、データ分析におけるベクトルの使用方法,データを使う上で、ベクトルを知っていれば様々なことに応用できそうだと思った。,特にありません。
C-2021-2_U141,今回の授業内容は自分の専門分野においてどのように活用できるか。データ間の距離、ユークリッド距離、マンハッタン距離、max距離など。類似度に関する係数。これらを用いるデータ分析の応用。データ分析の手段について知れ、現在様々な分類や認識はどのような原理を基づいて行われたのかが分かった。,,ベクトルは表したい情報全体の塊で、数値で各成分の量を表す。数学的表現を用いる時、線形代数と行列も使われる。また、様々な距離と類似度を用いてデータを分析すると、各数値がどのグループに似ているかを判断することによって分類ができ、似ている性質を持つものも見つけられる。,,
C-2021-2_U142,Jaccard係数による類似度の測り方は、高校数学の集合や確率みたいでとても分かりやすかった。また、データをベクトルで表すことで様々な分野に応用できるということが分かった。,コサイン類似度の話で、cosθの計算結果から方向性の類似度を測るという話がいまいちよく分からなかった。,"ベクトルは様々な分野で役に立ち、株価の予測や化合物のグループ化、法令文書の解析などに応用できる。ベクトルとは、複数の数値をカタマリにしたものであり、順番に意味がある。文書や画像等もベクトルで表現できる。ベクトル表現されたデータにはの分析には、線形代数がよく使われ、行列もデータ表現に使われる。データ分析では、線形代数は非常に有効。ベクトルでデータ分析すると、多数のデータを用いてデータ間の関係を見だせる。ベクトルとして表現することによって数値としてデータを比較することができる。データを分析する上で「近い/遠い」「似ている/似ていない」が基本的な道具であり、やるべきこと。データ解析における距離とは、データの似ている度合いを表し、小さいほど似ている。一方、類似度は距離と反対の概念であり大きいほど似ている。距離や類似度によって、グループ分けや異常検知などをすることができる。距離はいくつも種類があるので、距離が変われば結果も変わる。よって、データや解析問題の性質にあった距離を選ぶ必要がある。距離の種類としては、ユークリッド距離やmax距離、マンハッタン距離、ハミング距離、編集距離などがある。
集合のように順番の関係のないものがJaccard係数であり、どのくらい集合間が似ているのかを調べる方法である。
距離や類似度を調べることで、データのグルーピングや異常度の計測、データの認識(画像など)ができる。",ベクトルによってデータを表すことの重要性について理解できました。また、今回の講義で出てきたベクトル、距離、類似度という概念はあらかじめ知っているようなものばかりだったのでスムーズに内容が入ってきました。,
C-2021-2_U144,,,,数学の時のベクトルとちょっと違うなと思って面白かった。距離と類似度はどっちかだけでもいいんじゃないかと思った。,
C-2021-2_U145,"ベクトルで表現することで、数値として表し、距離や類似度を測ることができる
ベクトルは基本数字の組み合わせで、それを各個体が表現している特徴と考える
似ている、似てないということも距離で表すことができる
距離と類似度は反対の概念",,ベクトルによるデータ表現,"自分の学部に関する分野でデータサイエンスがどのように活用されているのか、その一例を知ることができました。
ベクトルを用いることで、作業の効率を上げたり、各物質を比較できるようになることがわかりました。
一見関連がなさそうに見えるので、このような話が聞けて良かったです。",
C-2021-2_U146,,,,いつもは数学的な内容が多いが、この講義を受講している人たちの専攻科目との関わりの内容がとくに面白かった。いろんな分野の知識を持つことは、自分の専攻分野にも生きてくることを痛感できた。,
C-2021-2_U147,距離にはいろんな呼び方があるのだなとわかった。,,データ分析ではベクトルが用いられている。データ間の距離や類似度など、身近なデータ分析にも数学的要素がある。,,
C-2021-2_U148,データをベクトルのよって様々なことが表され、区別したいデータによってさまざまな距離を利用するとわかりました。,,ベクトルは順番に意味を持たせた数字の羅列である。ベクトルを利用して画像や文章をデータ化することもできる。ベクトルをもいいると様々なデータ解析ができる。たとえば組み合わせを用いたりデータの距離を用いたりする。距離にも様々な種類があり、ユークリッド距離やマンハッタン距離、max距離などがある。データの距離によって識別を行ったりする。,自分が想像する距離以外にも様々な距離があるのは驚いた。,
C-2021-2_U151,,等距離面でのユークリッド距離とマンハッタン距離、max距離の図を理解するのに少し時間がかかった。,,数学で習ったことが実際に利用されているのを見て、少しわくわくした。,
C-2021-2_U152,個人情報保護法などを詳しく知ることができた。,,個人情報とデータ収集,,
C-2021-2_U153,ベクトルとは何かについて、ベクトルを用いたデータ分析について、そしてその中で出てくる距離や類似度とはどういうものかについて理解することができました。,,ベクトルとは何かについて学び、そしてそのベクトルを用いたデータ分析についてその中で出てくる距離や類似度などを学びながら理解していきました。,今回の授業は真新しいことというよりかは高校で学んだベクトルというものをデータ分析に活用するという内容だったので割とすんなりと理解できました。あとは直角三角形の底辺と高さを足した距離が直行路型の街であるマンハッタンからとってマンハッタン距離というのが面白かったです。,
C-2021-2_U154,,,,BR-Mapを作ることで復習をしっかりすることができ、前回の授業の復習をきちんとすることができたので、今回の授業もスムーズに頭に入れることができました。今回の授業は予習して臨むことができたのでより理解することができました。もうすぐ期末テストがあるので、これまでの授業を復習して勉強しようと思います。,特にありません。
C-2021-2_U155,ベクトルがどのような場面で役に立つかを理解することができた,,,,
C-2021-2_U156,距離の定義は厳密で、類似度は距離よりも定義が緩い。,秋学期に学習したハミング距離を忘れてしまっていた。,ベクトルを用いてデータを比較する。比較というのは今回は距離や類似度。,自分は文系なのでベクトルといったら矢印のイメージがまだ抜けませんが、複数の数値で表したものという概念は自分の世界が広くなったような気がします。,
C-2021-2_U158,距離の情報科学での重要性,,ベクトル、距離、類似度の定義,距離にも色々な種類があることを初めて知りました。,
C-2021-2_U159,様々なデータと解析の基本,,様々なデータと解析の基本,今日もありがとうございました,
C-2021-2_U16,"ベクトルⅹの長さが||x||で、||x-y||は距離を表す
距離とはデータ間の際のことでデータの値が小さいほど「似ている」ことを表し、距離の公理を満たすものを指す",,"ベクトルとは複数の数値をカタマリにしたもので、モノをベクトルを表せば様々な種類の距離や類似度が使える。
距離はデータ解析の基本であり、対象のデータの性質に合致したものを選ぶ必要があるためユークリッド距離やハミング距離など様々種類がある。",単に数学的な距離とデータ関連の距離では違いがあって、距離にもいろいろな種類があるというのが面白かった。,
C-2021-2_U160,"ベクトルは順番に意味がある。
ベクトルはデータの組み合わせ。
ベクトルでデータ間の関係が見えてくる。
距離が近ければ似ている。
データ間の距離にも色々ある。
ユークリッド距離 直線距離 
マンハッタン距離 斜めに行けない距離
MAX距離 x座標のみの距離
距離や類似度を応用して、グルーピングや、異常度などがわかる。",,文書や、画像、他にも色んなものがベクトルで表せる。,ベクトルがデータとして、普段の生活に利用されるなんて考えたことがなかった。,
C-2021-2_U161,,,ベクトルとは複数の数値を塊にしたもので、順番に意味がある。ベクトル表現されたデータ分析には線形代数も使われる。ベクトルはデータの組み合わせなので、1つの組み合わせでは分からないことも、多数のデータを用意することで、データ間の関係が見えてくる。データ分析における距離とはデータ間の差異のことであり、類似度とは距離とは反対の概念のことである。距離は1種類ではなく、2点間の最短距離を表すユークリッド距離や斜めに行けない場合の距離を表すマンハッタン距離、Max距離、長さの同じ2系列間の距離を表すハミング距離などがある。,距離や類似度がデータに大きな影響を及ぼすことを知らなかった。今日の授業は図を見るとすごく分かりやすかった。,
C-2021-2_U163,今回のベクトルや距離と類似性の考え方を用いることによって高値安値始値終値などのベクトルから未来の株価を予想することなどにも活用ができる。,法令ような自然言語で書かれている文字列を分析するその手法,"まずはじめに、ベクトルとはデータをわかりやすく表すために用いられる手法の一つであり、そのデータが表す事象を数学的に表現するものである。またベクトルはデータの組み合わせであることから、一組のデータからではわからないことも複数のデータをもちい表すことによってデータ間の関係が見やすくなる。 次に距離と類似性という考え方は、複数のデータの近さを図る手法である。また、ものをベクトルで表せば様々な種類の距離ある人の考え方を用いることができ、その代表例として相同性検索などがある。 
",,
C-2021-2_U164,,,,コサイン距離がおもしろかった,
C-2021-2_U167,"・距離とは、2点間の長さだと思っていたが、それだけでなく「マンハッタン距離」「マックス距離」など様々な種類があること。
・距離の概念をもとに類似度をだしてデータ分析が可能なこと。
・ユークリッド距離が個人的に知らなかったので復習することができた。",,"・ベクトルとデータ
・類似度、距離とデータ分析",,
C-2021-2_U17,ベクトルとデータの組み合わせでわかることや、距離などの意味がよく分かった。,,"ベクトル・・・様々なもの（画像や文書など）をベクトルで表現
ベクトルとデータの組み合わせ・・・データ分析、アヤメの判別
距離・類似度・・・データ解析の「距離」は自由、距離の公理を満たすもの
　　　　　　　　　「類似度」は「距離」の反対概念、厳密な定義なし
　　　　　　　　　相同性検索、クラスタリング、判定、異常検知
距離は「データ解析の基本」である、距離は１種類ではない、距離が変わればデータ解析結果は大きく変わる、データや解析問題の性質に合致した「距離」を選ぶ必要がある。
データ間の距離・・・ユークリッド距離（ｄ次元での距離）、マンハッタン距離やmax距離、ハミング距離、編集距離
類似度・・・Jaccard係数、コサイン類似度
応用・・・画像認識、クラスタリング",二重絶対値の記号を見たことがなかったので、最初見たときは何だこれはと思ったが説明を聞いて納得できた。,最も優れている「距離」はユークリッド距離なんですか？
C-2021-2_U174,,,,現在線形代数で習っているベクトル、行列がデータ解析においてこんなに重要な役割を果たしているのは驚きました。また、距離にあんなにたくさんの種類があったことも驚きました。,
C-2021-2_U18,っデータをベクトルで見るという考え方の利点がわかりました。また距離や類似度に関してこれまで学習してきたことと結び付けてより理解を深めることができました。,応用例の画像認識のところの画像間距離についてよくわかりませんでした。,データの代表的な表現方法の1つとしてベクトルがある。ベクトルはデータの組み合わせであり、この組み合わせからデータのさまざまな性質、相関関係などを分析していくことができる。そしてデータの分析に関する視点として距離と類似度がある。距離はどれだけあるでーたとあるデータに違いがあるかを表すものであり、距離が離れているほどデータの違いが大きいということになる。ユークリッド距離を始め、マンハッタン距離、ハミング距離といったものがある。類似度とはどれだけデータ同氏がにているかということであり、類似度が大きいほどデータが似ているということになる。これらを用いてデータをクラスタリングしたりして分析していく。,これまでの授業と関連することも多く特にデータについての基本的な見方についてわかった気がします。今後とも自主学習に励み、理解を深めようと思いました。,
C-2021-2_U19,主に距離の種類についてまとめることができた。,距離の適切な使い方はまだ把握できていない。,"ベクトルでデータを表すと、データ間の関係が見えやすくなる。
距離と呼ばれるデータ間の差異でデータ解析を行う。
距離にはさまざまな種類があり、都度適切な種類を選ばなければならない。",BRmapの作り方がようやくわかってきた。,
C-2021-2_U20,"ベクトルと類似の基準線を引く(表現雑!)ことで分類が可能になる。
近さ・距離というのは分析の一つの観点になる。データ解析における距離は日常より自由度が高い。
数学的な距離(の三要件)：①非退化性　②対称性　③三角不等性(直接道のりが最短""距離"")　【距離の公理】

ユークリッド距離☜高校数学まででやった距離の公式(三平方の定理が基本)
マンハッタン距離(市街地距離)☜
max距離☜
ハミング距離☜2系列間の距離(超ざっくり:どれほど違いがあるか)
編集距離☜編集ソフトでの作業数のイメージ

Jaccard係数☜集合としての類似度
cos類似度☜方向性としての類似度

距離の概念を利用して、分類やクラスタリングなどができる",カルバックライブラー情報量☜今度時間見つけて調べよ,多数の数値を含むものとしてのベクトル・行列の可能性や様々な距離の概念について学んだ。,,2次元以上を学習するときのコツなどあれば。(数学でも3次元を考えるにはコンピュータソフトを利用して理解が進みますが、それ以上だとなんとなくぼんやりとした理解になります。)
C-2021-2_U21,,,ベクトルは「データ」の組み合わせであり、一つの組み合わせではわからないことも多数のデータを用意することでデータ間の関係が見えてくるということを学んだ。また、距離とは要するにデータ間の差異で、距離が小さいほど似ており、類似度はその反対の概念であるということも学んだ。,データサイエンスにおける「距離」がどのようなものなのか知ることができた。ユークリッド距離、L1距離（マンハッタン距離）、max距離、ハミング距離など多くの種類があることに驚いた。,
C-2021-2_U23,ユークリッド距離,マンハッタン距離,ベクトルや距離や類似度がどのようなものか,,
C-2021-2_U24,データをベクトルで表現することでデータ間の距離や類似度を知ることができる,,ベクトルの距離や類似度はデータを分析するうえでの基本的な要素である,あまり好印象ではなかったベクトルですが、データの表現様式としてみれば中々面白いのではと感じました。,
C-2021-2_U25,距離の概念,二重絶対値,ベクトルと距離と類似度,一発で理解するには至らなかったので復習をしっかり行いたい。,
C-2021-2_U26,データがどのくらい似ているかを判断する際には、距離や類似度を考えればよいことが分かった。また、距離と類似度の考え方を用いると画像認識やクラスタリングを行うことができると理解することができた。,特にありません。,"ベクトルとはデータの組み合わせであり、一つの組み合わせだけでなく多数のデータを用意することで、データ間の関係を読み取ることができる。
データ間の差異を測る際には距離や類似度を用いる。数学的には「距離の公理」と呼ばれるルールを満たすものが距離と定義される。また、類似度は距離の反対の概念であり、厳密に定義されない。選んだ距離によってデータの解析結果は大きく変わるため、データや解析問題の性質にあった距離を選ぶ必要がある。",基幹教育の授業で線形代数を履修した際にベクトルや行列について学んだが、実際どのような使われ方をしているのかあまり分からなかった。しかし、今日の授業を通して線形代数がデータ分析において重要なものであると知ることができた。,特にありません。
C-2021-2_U27,,,,高校そして大学でも数学を学んできたが、いまいち日常生活にどのように生かせるのか理解できていなかった。ベクトルや線形代数など数学の考え方で物事を推し量れることを知りとても面白いなと感じた。,特にありません。
C-2021-2_U28,今回の授業では、数学で習ったベクトルが、データ解析の分野でどのように活用されるのかを学ぶことができた。ベクトルの特性を活かした活用法がされていた。また、距離の概念がこれまでとは違い、もっと広い意味で使うことによって、いろんな判定ができることや、類似度はその反対を表す言葉で、正負どちらでもあると言うことは納得するところであった。,,,,
C-2021-2_U29,"ベクトルで距離の概念はあったけど、類似度という考え方がなかったので、jaccard係数やコサイン類似度についてはじめてしりました。
ベクトルの距離と類似度でデータの近さを測ったり、文字認識などへ応用できる。",,"ベクトルについて、データの分析を学びました。
ベクトルの距離や類似度が何を意味しているのかが分かった。
",授業の初めに、今から習うことがどのように活かされているのかを提示していたので授業に対してより身が入りました。今までよく使っていたベクトルについての分析だったのでわかりやすかったです。,
C-2021-2_U3,データ解析にとって、ベクトルは非常に大切な単位であり、ベクトルを用いいることで、データ間の関係性が距離や類似度という尺度を持って表されることがわかった。意外と、高校生の際に習ったベクトルの計算方式を用いて、距離や類似度が求められることが明らかになり、計算もできると考える。,距離や類似度の求め方や種類はわかったが、それがどういう時に使い分けられ、活用されるのかは区別できなかった。,"ベクトルはデータの組み合わせであり、複数の数値をかたまりにしたもので、その順番に意味がある。　ベクトルで表せられるものとして、例えば、体格（身長と体重）、文章(単語の並び）、画像（ピクセルの並び、線形代数の行列と関係）などが挙げられる。ベクトルはデータ分析の関係づけられ、データを可視化する線画現れ、パターンが明らかにした体格データ(身長、体重）、またはあやめの測定データ(四次元ベクトル）などのように活用される。データ間の差異を表す距離とは、距離が小さければ似ていることになり、データ解析の基本となる。また、一種類でなく、表現する際はデータや解析問題の性質に合致した距離を選ぶ必要がある。
２データがどれくらい違うかを表すデータ間の距離は様々な距離の種類に分けられる。まずは、ユーグリッド距離である。2次元であれば、三平方の定理の定理を用いて、xとyの距離の二乗を行求められる。同っように、3次元の場合はxとyの距離の二乗、d次元の場合はxとyの距離の二乗　要素の差の二乗の和というように、xとyの距離＝√(x-y)^2=||x-y||の式でいかなる次元においても求められる。 ||x||をベクトルxの長さと定義され、ベクトルxのノルム＝√x1^2+…+xd^2と表す。他にも、斜めにはいけない街になぞられたマンハッタン距離、一要素でも大きく違ったら、それは結構違うということを表したい時に使うmax距離、２系列間の距離を示すハミング距離、２系列間の距離、系列の長さが違っても大丈夫な編集距離などがある。それに対して、データ解析における類似度は、大きければ似ているという距離とは反対の概念を用いている。類似度を表す尺度の種類として、数字の集合の類似度を合わすJaccard係数、方向性の類似度を測る方法(cosθ=a*b/|a|*|b|、長さは考慮しない)のコサイン類似度がある。活用例としては、相同性検索、クラスタリング、判定、異常検知などが挙げられる。これらの距離や類似度を利用したデータ分析は、データ集合のグルーピング、データの異常度、データの認識などがある。これらは、画像認識（画像間距離||x-y||)やクラスタリング（近いデータをまとめてグループを見つけるデータ処理）に活用される。",ありがとうございました。,ありません。
C-2021-2_U30,,,,今までユークリッド距離しか知らず、マンハッタン距離を知って、何に使うのか分からなかったが、ユークリッド距離の意外な欠点を知って驚いた。,
C-2021-2_U31,"データの様々な条件を数値化しベクトルとして表すことで、類似度、距離などを数値で計算しデータ分析に応用することができるということが分かった。
距離や類似度には、ユークリッド距離、max距離、コサイン類似度などがあり、それぞれ特徴や活用できる場面が異なるということが分かった。",マンハッタン距離を実際どのような場面で有効に活用することができるのかがよく分からなかった。,,,
C-2021-2_U32,,,,高校数学の影響で、ベクトルといえば平面や空間の図形の問題を解く際に利用するという固定観念が自分の中にあったので、データサイエンスにも活用できることが詳しく理解できた。また、データの距離や類似度は初めて学んだ概念なのでしっかり復習したいなと思った。,
C-2021-2_U33,"ベクトルが経済、化合物、法令に至るまでさまざまな分野で幅広く利用されていることが分かった。データ分析における「距離」は、普通考えている距離よりもっと自由である。ユークリッド距離を表すとき使う二重のllはノルムと言う。マンハッタン距離とは斜めにはいけない街を考えればいい。
ハミング距離は長さが同じ2系列の距離を意味する。つまり、違う要素の数＝距離。編集距離は長さが同じではない2系列の距離を意味する。jaccard類似度は集合の共通部分を全要素で割ったものであり、どのくらい共通しているかを測る。コサイン類似度もコサインを使ってどのくらい共通しているかを測る。",,"ベクトルとは、データを複数の数値のかたまりに表現できるものである。料理、文書、画像など全部がベクトルで表現できる。
距離が近い、遠いとか似てる、似てないはデータ分析の基本的な道具である。代表的な距離のなか、ユークリッド距離は要素の差の二乗で計算ができ、何次元ベクトルでも距離は計算できる。max距離は一要素が大きく違く場合、有用である。編集距離はハミング距離を一般化したものであり、置き換え、挿入、削除の最小回数で計算できる。",距離にもいろいろな種類があることが分かった。そして、私たちは周りのすべてを数字で表現しようとしてきたということを実感した。,
C-2021-2_U34,線形代数はデータ分析で活躍するということを知った。マンハッタン距離、max距離の測り方が分かった。,,ベクトルによるデータ表現、データにおける距離と類似度について。,,
C-2021-2_U35,,,,ベクトルと聞くと、高校数学で計算などをするベクトルというイメージが強いので、ほかの使い方を知ることができてよかった。実生活に利用されていると知ることができると、勉強をする理由も見えてくるなと思った。,
C-2021-2_U36,ベクトル解析における距離や類似度が理解でき、それらがどのようなことに応用されているのかが分かった。また、データをベクトルとして表現することで、データ間の差異や類似度を読み取れ、データ間の関係が読み取れる利点があると分かった。,マンハッタン距離はどの場面で利用が可能なのかがわからなかった。,ベクトルはデータの組み合わせであり、文書や画像など様々なことがベクトルとして表現できる。組み合わせと多数のデータからデータ間の関係が読み取れる。データ解析における距離とはデータ間の差異を表し、類似度とは距離の反対の概念であり、それほど厳密に定義されているわけではない。最も代表的な距離にユークリッド距離というものがあり、要素ごとの差の二乗の合計を距離の二乗として表している。ユークリッド距離以外にもマンハッタン距離や1要素間の差異を表したいときに有効であるmax距離が存在する。その他にも違う要素の数を距離とするハミング距離であったり、置換、挿入、削除の最小回数を表す2系列間の距離を表す編集距離も存在する。集合の類似度のjaccard係数や方向性の類似度を測るコサイン類似度が類似度としてあげられる。距離や類似度は系統樹作成や文字認識などに応用ができる。,データのベクトル化が様々な分野に応用できることが分かった。ベクトルを用いることで、似た構造を持つ化合物をグループ化できるということには少し驚いた。将来、新薬開発の研究にこのベクトル化を用いることが寄与することも考えられるので、ベクトル解析に触れておいてよかったと思った。,
C-2021-2_U37,データを扱う上で線形代数学が重要なことが分かった,,ベクトルとデータの関連,日誌を忘れないようにしたい,
C-2021-2_U38,,,,線形代数を学習しているのでベクトルの話を納得して聞くことができましたが、どのように実生活に生きてくるのかの説明を受けてさらに深く学べてよかったです。,
C-2021-2_U39,データ分析でのベクトル・距離・類似度を知り、その具体例や種類、基本的な概念などがわかりました。,ありません。,,,ありません。
C-2021-2_U41,距離と類似度の違いがはっきりわからなかったのですが、今日の講義を受けて距離と類似度の違いがよく分かりました。また、ベクトルの重要性や、距離や類似度の重要性についてわかりました。,マンハッタン距離で、特定地点から同じ距離を結ぶとスライドのような形になる理由が直感的に分からなかったです。,"データサイエンスの活用について経済系・薬学系・法学系の視点から見てみる。
まず、経済系において例えば、株価の予測においてチャート（ベクトル）が利用され、この変化の傾向から株価を予測している。株価において高値、安値、始値と終値を表すベクトルを使い傾向をコンピュータに学習させ、未来の株価を予測している。
また、薬学においてのデータサイエンスの活用法の例として化合物の構造をベクトルを使って表現して似た構造を持つ化合物をまとめているということが挙げられる。
例えば、特定の構造があれば１，なければ０とするようにベクトルを使って表現できる。こうすることで化合物の比較をやりやすくできる。また、ベクトルとして表現することで様々な機械学習に使用できるようになる。
そして、法学において、例えばデータサイエンスを利用することで法令に関して工学的な観点から模索できる。また、特定のことばの有無をベクトルで表すことで、法令文書（自然言語で書かれている文字列）をベクトルで表現することもできる。また、こうすることで深層学習もできるようになる。
ベクトルとは複数の数値のかたまりのことであり、ベクトルにおいて順番は意味を持つ。ベクトルは柔軟に利用することができる。例えば、健康状態などの特定の観点から人をベクトルとして表現できる。また、料理などもをベクトルで表すこともできる。このようにベクトルの組み合わせによってデータが何を表しているのかということや、データの特性などを表すことができる。
このようなベクトルはデータの組み合わせである。様々なデータを組み合わせることでテーマ間の関係や新たにわかることを見つけることができる。例えば多数のデータを組み合わせることで、パターンを見つけだすことができる。また、ベクトルとしてデータを表すことで、そのデータ分析の基本的な道具である「近い／遠い」ということや「似ている／似ていない」という比較を容易にできるようになる。
データ解析における距離は「似ている・似ていない」の具合で表されることが多く、比較的自由な概念である。この距離は「データ解析の基本」であり、距離が変わればデータ解析結果は変わる。距離の種類は１つではなく、データや解析問題の性質に合致した距離を選ぶ必要がある。そして、距離とは反対の概念である「類似度」というものがある。類似度の場合、距離とは反対に大きければ大きいほど似ていることを表す。距離ほど類似度は厳密に定義されない。物をベクトルで表現すれば様々な種類の距離や類似度が使え、異常検知やクラスタリング、判定など様々な分析に応用することができる。代表的な距離にユークリッド距離がある。ユークリッド距離を使うことで何次元ベクトルかに関わらずベクトル間の距離を測れる。なお、ユークリッド距離以外にもマンハッタン距離やmax距離（1要素間のみの評価なので全体的な差異は評価できない）などがある。そしてベクトル以外の距離もある。例えば同じ長さの系列における違う要素の数について示すハミング距離がある。系列の長さが違うとき、編集距離というものがある。これはハミング距離を一般化したものであり、2系列を同じものにするために必要な置換、挿入、削除の最小回数を示す。また、Jaccard係数という「集合」の類似度を示すものがある。これは順番ではなく「入っているか／入っていないか」を調べるために使われる。また、コサイン類似度というものもある。これは、方向性の類似度を測るものであり、内積を利用している。この類似度は長さに着目していない類似度である。これらの距離や類似度を応用してデータ集合のグルーピングやデータの異常度の発見、「データの認識」などができる。また、データから様々な知見を発見するのに利用されるクラスタリングにも応用できる。
",薬学系において、ベクトルが化合物の構造を表現するのに使われているということに驚きましたら。また、ベクトルは身近なところに色々使われているということを改めて実感し「数学」という学問としてのみ認識すべきではないと改めて思いました。,特にありません。
C-2021-2_U42,データ解析における距離とはデータ間の差異を表しており、距離が小さいほど似ている。また、距離の反対の概念である類似度も存在しており、類似度は距離ほど厳密に定義されていない。,,データの分析にはベクトルが用いられることが多い。また、ベクトル表現されたデータの分析には線形代数、行列も使われている。ベクトルはデータの組み合わせであるので、ベクトルを用いて多数のデータを用意することでデータ間の関係が見えてくる。,今まで数学のものとしてしか考えてこなかったベクトルがデータ分析の観点においてこのように使われていることを知り、非常に興味深かった。数学と情報技術が密接にかかわっていることを改めて認識することができた。,
C-2021-2_U43,距離や類似度にはいろいろな種類があること、これらをうまく使うことにより、データ分析が可能になること。,,ベクトルとは複数の数値を塊にしたものであり、順番に意味がある。文書や画像もベクトルで表すことができる。ベクトルで表されたデータの分析には線形代数がよく使われる。データ解析における「距離」とはデータ間の差異を指す。また類似度とは距離の反対の概念であり、大きいほど似ているといえる。距離や類似度に基づいた分析例として相同性検索、クラスタリング、判定、異常検知などが挙げられる。距離の最も代表的なものはユークリッド距離である。それ以外にもマンハッタン距離、max距離、ハミング距離、編集距離などが挙げられる。また、類似度にはjaccard係数、コサイン類似度などがある。,初めの事例紹介によって今学んでいることがどのように生かされているのか具体的にイメージすることができてよかった。,
C-2021-2_U44,,max距離の使い方がよく分からなかった。,ベクトルとは複数の数値を組み合わせて、あるものの特性を表現したものである。すなわちベクトルはデータの組み合わせであり、多数のデータを用いてデータ間の関係を見ることが出来る。データ間の関係を表現するものとして距離と類似度がある。距離はデータ間の差異を表し、小さいほど２つのデータが似ていることになるが、類似度は大きいほど似ていることになる。これらを測る方法は様々であり、対象や用途に応じて使い分ける必要がある。,高校で習ったベクトルが情報の授業で登場するとは思わなかったので面白かった。距離や類似度の考え方が多様で少し混乱してしまったのできちんと整理したい。,
C-2021-2_U46,データを分類して活用することができる,,"ベクトルや行列というもので要素や集合の類似度を比べることができる
距離にも複数種類があり、調べたい類似度に応じて使い分ける",数学で使ってきたベクトルがデータ解析に用いられていたり、距離の測定の仕方にも最短距離のものと一次元的に見ると最長の距離のものがあったり、いろんなものがあって面白かった,
C-2021-2_U48,,,ベクトルは複数の数値を塊にしたものであり順番が重要である。画像もベクトルで表すことが出来る。ベクトルを使うことによってデータの関係が見えてくる。データ分析では近い、遠いとか似ている、似ていないとかが重要である。データにおける距離は小さい方がデータが似ているということになる。また、類似度は大きければ大きいほど似ているということになる。類似度は正負両方ともとる。物をベクトルで表すと距離や類似度によって分析でき、クラスタリングにも適している。データ間の距離としてユークリッド距離、マンハッタン距離、max距離などがある。またハミング距離、編集距離がある。さらに集合の類似度ではJaccard係数、コサイン類似度というものがある。,料理をベクトルで表す例は独特で面白かった。,
C-2021-2_U5,マンハッタン距離が実際に全ての通りが直角に交わるマンハッタンの町並みから来ていることを知ってとても興味深く思った。,行列や線形代数の内容は分からないので理系の友人に聞きたい。,ベクトルは複数の数値をカタマリにしたもので、データを組み合わせることによって画像や文章などを表すことができる。データ間の差を距離と呼び、逆にデータ間の近さを類似度と呼ぶ。距離は定義が厳密だがその種類は多く、ハミング距離やユークリッド距離など問題の性質に合致する距離をその都度選ぶ必要がある。データの距離や類似度を調べることでグルーピングや異常度の発見、クラスタリングによる共通点の発見などが可能になる。,ベクトルという高校数学でなじんだ単語が意外にも日常のでデータ表現、解析に溶け込んでいることが分かり面白かった。,
C-2021-2_U53,距離と類似度は反対の概念ということを初めて知りました。また、距離の公理というものがあり、その３つすべてを満たせば距離を表すことが出来ると知り、面白いなと思いました。また、距離はデータ解析の基本であるということを知りました。距離にもいろいろな種類があることを知り、データとしての距離、ハミング距離、編集距離などあることを知りました。また、データとしての距離の中には、以前から知っていたユークリッド距離の他、マンハッタン距離やマックス距離などがあることを初めて知りました。この３つの違いは、スライドの絵でよく理解することが出来ました。,マックス距離などを使うメリットは分かりましたが、使う機会があるのかが疑問でした。,今日はベクトル・距離・類似度について勉強しました。ベクトルは特に、表現としてのベクトルを学びました。距離に関しては、距離の公理というものを初めて学びました。非退化性と、対称性と、三角不平等式の３つを満たせば、いいということを学びました。また、距離について、深く学び、距離はデータの基本ということを様々な例をスライドを見ながら知ることが出来ました。類似度についても、Jaccard係数やコサイン類似度があることを学びました。ベクトル、距離、類似度それぞれについて詳しく学ぶことが出来ました。,今日の授業で、今まで知らかったたくさんの専門用語を知ることが出来ました。距離のいろいろな違い、類似度と距離は反対の概念など、面白い発見はたくさんありましたが、一番驚いたのは、距離の公理です。もちろん初めて知ったのですが、距離の３つの条件を知り、言葉ってすごいな、情報化が苦って凄いなと思いました。,とくにありません。丁寧なスライドのおかげで理解に苦しむことなく勉強出来ました。
C-2021-2_U54,データ分析には線形代数がよく使われる。距離が変わればデータも変わる。ユーグリッド距離の求め方が分かった。距離や類似度を利用して、グルーピングができる。,,ベクトルを使って株価を予測する。化合物の構造を１か０で分類する。法令文書を単語などで解析することができる。ユーグリッド距離を使うことで、何次元でも距離は計算可能である。,今までと違って学部に関連した話があってとても面白かったです。前期で習った線形代数がデータ表現に使われていると知り、そんなことは考えたこともなかったので新鮮でした。,
C-2021-2_U55,"データ分析が具体的にどのように行われるのかを知ることができて良かった、データ分析はデータをベクトルとして扱うことは知っていたが、その手法までは知らなかったので今回の授業でそれを知ることができて良かった。
",編集距離は長さを無視できるので、ハミング距離の存在意義があるのが少し疑問に思った。,データ分析においてベクトルは重要な要素である。数学的には厳密ではないが、ベクトルは数字のかたまりであり、その順番にも意味を持つ。ベクトル＝データとして扱う際にそのデータ間の距離と類似度を測ることでデータ分析を行う。その例としてクラスタリング、異常検知、判定などがある。データの距離の種類にはユークリッド距離、ハミング距離、Max距離、編集距離がある。類似度にはjaccard係数、コサイン類似度がある。,今回の授業はとても分かりやすく、理解しやすかった。線形代数がこのデータ分析にベクトルの処理という点から大きく関わってくるのは分かったが、ただ計算処理の方法としての一部なのか疑問に思った。,
C-2021-2_U56,,,ベクトルは複数の数値をかたまりにしたモノである。数値の順番に意味がある。特定の観点から人、文書、画像などをベクトルとして表現できる。ベクトル表現されたデータの分析には、線形代数もよく使われる。一つの組み合わせでは分からないことも、多数のデータを用意することで、データ間の関係が見えてくるのでベクトルでデータ分析できる。組み合わせと多数のデータからパターンが分かるようになる。データ解析における距離はデータ間の差異であり、距離が小さい2データは似ている。数学的には距離の公理を満たすモノを距離と呼ぶ。類似度は距離の反対の概念である。大きければ大きいほど似ている。モノをベクトルで表せば、様々な種類の距離や類似度が使える。距離や類似度に基づいた分析として、相同性検索、クラスタリング、系統分類、判定、異常検知がある。2データがどれぐらい違うかが、データ間の距離である。ユークリッド距離、マンハッタン距離、max距離があるが、max距離は1要素でも大きく違ったら、それは結構違うのだとしたい場合に使う。ハミング距離は2系列間の距離である。編集距離は2系列の距離で、系列の長さが違っても大丈夫なのがメリットである。これはハミング距離を一般化したモノである。jaccard係数は数学の集合の類似度である。コサイン類似度は方向性の類似度を測る方法である。距離や類似度を応用して、データ集合のグルーピング、異常度、認識ができる。画像認識で手書き数字の判別に応用できる。クラスタリングで、近いデータをまとめてグループを見つけるデータ処理ができる。ベクトルはデータの代表的な表現方法の一つである。何がどのくらい強いのかを数学的に表現したモノである。ベクトルでの表現方法は対象によって変わってくる。,,
C-2021-2_U57,ベクトルは「データの代表的な表現方法のひとつ」であり、距離と類似度は「データの近さを測る方法」であるということを理解することができた。,,ベクトルは今まで僕たちが数学で習った使われ方だけでなく、料理、文書、画像などの様々な用途に用いられる。ベクトルを用いることでパターンの認識がやりやすくなる、データ分析の基本道具として用いることができる。距離と類似度を表すことに適している。,今日のベクトルの範囲は、僕たちにとって最も身近な内容といっても過言でないものだから理解するのに苦労しなかった。次回以降も、今回みたいにすいすい理解したい。,
C-2021-2_U58,"ベクトルや距離は4次元以上の高次元でも用いることができるということ。
画像を認識するときに類似する画像を探すことでその画像は何か認識しているというメカニズムがわかった。
",類似度と距離をどのように使い分けるのかがよくわからなかった。,,"ベクトルという数学や物理などでしか使われないと思っていたものが情報という分野でさらに広い意味で使われているのが面白いと思った。
ベクトル間の距離や類似度を測るという手法が、SNSで趣味が似ている人を探したり、関連のある動画を表示したりするのに使われているというのは興味深く、今まで苦手だと思っていたベクトルに少し意欲がわいた。",
C-2021-2_U59,距離や類似度の考え方について。,様々な距離の範囲について。,ベクトルや距離・類似度といった表現を用いることで、様々なデータを表現できたり、分類することができる。,ベクトル・距離・類似度について例などを見ながら、理解することができた。,
C-2021-2_U6,"ベクトルでデータを解析するとはどういうことを指しているのかを理解することが出来た。
また、距離とは何か、類似度とは何かということが分かった。",ユークリッド距離の説明がいまいち理解できなかった。,ベクトルを利用することで、株価の予想が出来たり、似た構造の化合物を探したりできる。また、データ解析をすることで、法令の間違いを探したり、分類したりすることが出来る。様々なものをベクトルで表現でき、データ間の関係を調べることが出来る。解析には距離が大事であるが、距離は非退化性・非対称性・三角不等式の条件を満たせば良い。距離が小さいほど似ていると言える。代表的な距離として、ユークリッド距離がある。類似度にもよく使われるものが複数ある。,全体的な理解はすることが出来たが、詳しく一部分を理解するレベルに達していないので、復習をしておきたい。,
C-2021-2_U60,ベクトルの情報科学上の定義、距離と類似度のそれぞれの具体例,,"ベクトルとは、複数の数値を一かたまりにしたものである。ベクトルを用いれば、数値データだけでなく、画像や文書などのデータも数値による表示が可能となる。
データ間の差異を距離と呼び、d(x,y)を2ベクトルx,yの距離としたとき、次の3点を距離の公理と呼ぶ。①x=yならばd(x,y)=0(非退化性)、②d(x,y)=d(y,x)(対称性)、③d(x,y)≦d(x,z)+d(z,y)(三角不等式)
距離の代表例として、三平方の定理を利用したユークリッド距離(2ベクトルx,y間の距離を||x-y||と表すことがある(||・||はノルムと呼ばれる))、マンハッタン距離(2ベクトルの各要素の距離の総和)、
max距離(2ベクトルの各要素の距離の最大値)、ハミング距離(2ベクトルの異なる要素の数)、編集距離(2ベクトルの要素の修正回数)などがある。
逆に、距離とは真逆の概念として、データ間の類似度が挙げられる。
例として、Jaccard係数(2ベクトルの(2ベクトルの共通要素の個数)/(2ベクトルの全要素の個数(共通要素はまとめて1つとカウント)))、コサイン類似度(ベクトルの内積の公式利用)などがある。
距離や類似度を用いて、データのクラスタリングなどが挙げられる。",またしても日誌の記入が遅れてしまい、テスト直前にまで持ち越してしまった。テスト本番まで時間がないので、精一杯復習に励みたい。,
C-2021-2_U64,ベクトルを使うことで、様々なことを表現することができることがわかった。また、情報科学に置いて距離という考えは自由であり、条件を満たせばなんでも距離と言えることを知った。距離の反対の概念を類似度ということもわかった。また、データの距離や類似度にはユークリッド距離やコサイン類似度など、様々な距離や類似度がある。,特にありません。,今日の授業では、各分野における情報科学の必要性や大切さをまず学んだ。また、情報科学においてベクトルによるデータ表現と距離、類似度について学んだ。ベクトルを用いてデータ分析すると、１つの組み合わせでは分からないことも、多数のデータを用いることで、データ間の関係が見えてくる。距離や類似度はデータ分析に多く応用されており、クラスタリングや画像認識に応用されている。,今回の授業では、自分の分野における情報科学の必要性や重要性を知ることができて、とてもいい勉強になりました。今まで、情報科学に対する親近感を感じることができなかったけど、今回の授業を通して感じることができたので、あと少しですが予習、復習を中心に頑張っていこうと思いました。,特にありません。
C-2021-2_U65,ユークリッド距離以外の、max距離や、マンハッタン距離について初めて知った。類似度について理解ができた。,,"ベクトルとは、複数の数値を塊にしたもので、線形代数や行列の分野で学生を苦しめるだけのものではなく、データ間の関係を理解するのに役立つ。
距離、や類似度、など、を知ることができるので、分析の幅が広がる。",面白かったので、実際にこれらの知識を使って、データ分析をやってみたいと思った。類似度、と料理は微塵も関係がないように思えていたので、説明を聞き驚くとともに、料理が楽しくなった。,
C-2021-2_U66,ベクトルによってデータを表現することで分析の役に立つことが分かった。またベクトルで表されたデータを距離や類似度を利用することで様々な分析方法が使えることも分かった。,,データ分析におけるベクトルの利用価値、距離や類似度を用いたデータ分析の方法について。,高校で学習したベクトルは多くても三次元までで問題を解くために用いられていましたが、より多元的なベクトルを用いることで体格や料理など様々なものを表現できるのは面白いなと思いました。,
C-2021-2_U67,,,今回の内容はベクトルを用いることによったデータの表現方法である。このベクトルを用いてデータ分析をすることによっていろいろなパターンを認識しやすくなるなどの様々な利点がある。また、データにおいては距離というものがあり、ルールを満たすのであればなんでも距離が存在する。また、反対の概念として類似度というものがあり、厳密なルールは存在しない。また、距離には様々なものが存在する。,,
C-2021-2_U68,データをベクトル表示で表すことで情報を残す方法があることを知った。,特にありません。,類似度という概念を取り入れることでデータ間の類似性を調べることができる。,ベクトル表示で表される画像処理は線形代数学が関わっているというのが興味深いと感じた。,特にありません。
C-2021-2_U69,,,,今回の講義で特に印象に残ったのは距離についての話である。ベクトルによるデータの表現はこれまで見たことがあったが、距離については見たことがなく、その概念についてもより自由な感じであり、興味深いと感じた。,
C-2021-2_U70,今日の内容ではどのようにしてデータが表現されていて、それを分析する時にどのような手段が使われているのかということがわかった。,別の講義でも同じような内容をきいたことがあったので特にわからないことはありませんでした。,今回の内容はベクトルと距離・類似度に関するもので、ベクトルとは画像や文書など世の中のあらゆるものを数学的に表すもので、データ分析をする際に役に立つ。ここには線形代数や行列という考えを用いることでデータの取り扱い方が簡単になることがある。距離というのは２つのデータの差異を表すもので、その距離の表し方にはユークリッド距離やマンハッタン距離など様々なものがあり、用途に合わせた利用ができる。類似度は距離の逆の考え方であり距離と同様にデータ分析において役に立つ。,今日の授業では、データを分析するにあたって、どのようにデータが作られていて、どのようにそれを分析していくのかということがわかったのでよかった。また、各学部ごとのベクトルの利活用の一例を紹介していただいたことにより、今後の専門分野の学習に向けて少し具体的にイメージを持つことができたのでよかった。,
C-2021-2_U71,様々な事象や問題についてベクトルの考え方、つまり分解分析し細分化することによって解決策がより見つけやすくなるのではないかと思った。,,様々な事象や問題をベクトルの考え方を用いて考えてみよう,"高校数学でしか使わないと思っていたベクトルを様々な問題にも適応させるという考え方が面白かったです。
",
C-2021-2_U74,ベクトルは数学だけでなくデータサイエンスの分野にも幅広く応用できることを知れた,,,ベクトルを用いることで自分に専門的な知識がなくても、類似度などを利用することである物体を判別できることにすごいと思った。,
C-2021-2_U75,ベクトルによるデータ分析と距離や類似度の関係がよく分かりました。,距離と類似度は、反対の概念ですが、どちらもデータの似具合を考えているので、わざわざ距離と類似度を分けて考えるのは何故かが分からなかったです。,さまざまなデータはベクトルで表現することができ、ベクトル表現されたデータ分析には線形代数がよく使われる。データ分析では、近い/遠いの距離の概念や似ている/似てないの類似度の概念が用いられる。距離は、データ間の差異であり、小さいほどデータは似ている。類似度は、距離の反対の概念であり、大きいほどデータは似ている。距離の例としては、ユーグリッド距離やmax距離、マンハッタン距離、ハミング距離、編集距離などがある。類似度の例としては、Jaccard係数やコサイン類似度などがある。距離や類似度の応用例として、画像認識やクラスタリングなどがある。,ベクトルがデータ分析に使われている例を知ることができました。距離と類似度というデータ分析に必要な概念を理解することができたのでよかったです。,
C-2021-2_U76,距離や、類似度の考え方が分かった。また、データ分析に関してベクトルの考えが重要だということが改めて認識した。,データが線形代数にどのように使われているかが知りたいです。,データを表現するときにベクトルを用いることができる。またベクトルに表現されると線形代数によく使われる。一つのデータで何を意味しているか分からなくても、ベクトル表現して他のデータと一緒に照らし合わせると、データ間の関連を見ることができる。また、データを考える中で「距離」と「類似度」も重要である。距離はデータの似てない度合いのことで、非退化性、対称性、三角不等式の距離の公式を満たすものならば何でも距離と定義できる。また、距離と反対の概念として類似度が挙げられる。距離や類似度を利用してデータのグルーピングや、データの異常度、データの認識等が可能になる。,距離にも様々な種類があり、二次元や三次元だけでなくｎ次元でもベクトル距離が計算でき、それらが活用されていることに驚いた。,
C-2021-2_U78,距離の様々な計り方や、ベクトルの使い方、データの分析について知れました。,距離について深く知れなかった。,ベクトルとデータ分析について学びました。,知識が増えたので良かったです。,
C-2021-2_U79,どんな事物もベクトルに表せば、様々な種類の距離や類似度が利用できるということが分かった。,特にありません。,データ分析における、ベクトル、距離、類似度について学んだ。,データ分析が今の自分の専攻分野にどう活きるかという事例を提示してくれたのがとても参考になりました。,特にありません。
C-2021-2_U8,　私たちが日常的に使っている距離は物理的なものであることが多いが、データ分析における距離はもっと柔軟であるということが分かった。自分が思い込んでいる言葉の定義では理解できない内容があると感じた。距離と一くくりに言っても様々なものがあるということが分かった。,　距離に多くの種類があり、それぞれどのような場面でつかうのか想像できない部分があった。ノルムの話が難しかった。,"　ベクトルとは複数の数値をかたまりにしたものであり、順番には意味がある。数値の順番が変わると別の意味を指すベクトルになるのである。文書をベクトルで表現すると、
単語の順序を無視することになるというデメリットがある。また、画像もピクセルの並びでベクトル表現が可能である。ベクトル表現されたデータの分析には線形代数もよく使われる。
　ベクトルはデータの組み合わせである。多数のデータを組み合わせることでデータの関係が見えてくるのである。データ分析では「近い/遠い」や「似ている/似ていない」が基本的な胴部として用いられる。
　データ分析で用いられる距離は日常生活で私たちが使っているものよりも自由である。データ間に距離があるということはつまり、その二つのデータは似ていないということである。距離の反対の概念として類似度がある。つまり、距離が大きければ大きいほど似ているのである。
　普通に考えるデータ間の距離は2データがどれくらい違うかである。もっとも代表的な距離としてはユークリッド距離があげられる。ユーブリット距離以外の距離にはmax距離やマンハッタン距離がある。マンハッタンは斜めにいけない町であるのでそこからマンハッタン距離の名前がとられている。Max距離は1要素の違いを強調したいときに使う。しかし、この方法では全体的な差異は評価できない。ハミング距離は2系列間の距離である。系列の長さが違っても大丈夫な編集距離というものもある。Jaccard距離は集合の類似度を測るものであり、「共通部分/全要素」で求める。長さは重要でなく方向性を測りたいときはコサイン類似度を使用する。
　距離や類似度を応用してデータ集合のグルーピングやデータの異常度、データの認識ができる。応用例としては画像認識やクラスタリングがある。",今日の授業ではデータ前回までより難しかったように感じた。しかし、例が多く用いられており理解しやすい部分も多くあった。今回は予習が足りず授業に追いつけない時が多々あったので、次回はしっかり予習して授業に挑みたい。,ベクトルの長さを表すものとして二重絶対値||・||が出てきましたが、｜・｜とはどう違いのでしょうか。数学で使ったことがあるのは｜・｜のみであり、二重絶対値にはなじみがないので疑問に思いました。
C-2021-2_U80,同じ「距離」でも、分析のための様々な概念があり、それを適切に利用することが大切だと分かりました。またそれぞれの言葉の意味についても理解することができました。,特にありません。,ベクトルとは何か、ベクトルとデータ分析の関係、距離と類似度、ユークリッド距離、マンハッタン距離、max距離、ハミング距離、編集距離、jaccard係数、コサイン類似度、画像認識とクラスタリングについての説明がありました。,データ分析のために様々な距離や類似度など、多くの概念が生み出されていることに驚きました。その一つ一つが、少しでも科学を発展させるために先人たちによって考え出されたということを思うと、このような機会にそれらを知ることができて良かったと思います。,特にありません。
C-2021-2_U81,データ分析には距離、類似度を用いる。距離、類似度には様々な種類があり、それぞれメリット、デメリットがある。,,世の中の様々なものはデータの組み合わせとして表現できる。そこには距離、類似度という概念があり、それを用いて分析できる。たくさんあるデータにどの分析を用いるべきかは、不定で吟味する必要がある。,距離や類似度という何気なく人間が用いる観念にも、様々な種類があり、新たな知見になった。,
C-2021-2_U83,情報におけるベクトルの意味を理解した。,,ベクトルによる距離、類似を用いたデータ分析,ベクトルが様々なところに活用できているのがすごいと思った。,
C-2021-2_U85,ベクトルとは、複数の数値をカタマリにしたものであり、順番に意味がある。ベクトルはデータの組み合わせであり、１つの組み合わせではわからないことも、多数のデータを用意することで、データ間の関係が見えてくる。データ解析における距離は、データ間の差異であり、距離が小さいデータは「似ている」という。非退化性、対称性、三角不等式の三条件を満たすものを距離という。類似度は、距離と反対の概念である。大きければ大きいほど似ている。類似度は距離ほど厳密に定義されていない。距離は1種類ではなく、距離が変わればデータ解析結果はまるっきり変わる。,,ベクトルによるデータ表現、距離・類似度について学んだ。,高校で学んだベクトルとは少し違っていたり、距離・類似度などの初めて触れる概念があったりして面白かった。,
C-2021-2_U88,データ同士を関連付けて分析するために、類似度や距離を算出する方法を学んだ。一言に距離・類似度といっても表現方法が何種類もあり、データの種類によって適切に使い分ける必要があることが分かった。,コサイン距離について何となくしか理解できませんでした。,データ分析における要の一つである、データの距離・類似度を算出するための手段・ベクトル,似ているか似ていないかという判断は人間は直感でできるため簡単であるが、数値化しないと扱えないコンピューターにどのように判断させるのかが面白かった。,特にありません。
C-2021-2_U89,画像認識が、どのような仕組みでなされているのか、数学的に理解できたので、仕組みがイメージしやすくなった。,max距離の効果的な利用方法が、イメージできなかった。,"ベクトルとは、複数の数値を塊にしたもので、数値の順番に意味があるものである。例として、文章や画像なども、ベクトルで表現できるデータである。ベクトルで表現されたデータの分析には、距離・類似度や、線形代数がよく使用される。データ解析における距離とは、データ間の差異のことであり、数というものがある学的な距離は、非退化性、対称性、三角不等式の、三条件を満たすもので、普通に考えるデータ間の距離のほかには、ユークリッド距離、max距離、マンハッタン距離、ハミング距離、編集距離などといったものがある。類似度は、距離と反対の概念を持つものだが、距離ほど厳密には定義されておらず、どのくらい共通しているかを図るJaccard係数、方向性のみに重視したコサイン類似度などがある。そして、距離・類似度の具体的な応用例は、画像認識やクラスタリングなどがある。
","今まで、線形代数にあまり意義を感じられていなかったが、今回の授業で、具体的な応用方法が湧いてきたので、線形代数の学習に対するモチベーションが向上した。受けられてよかったと思う。また、画像認識の仕組みのところは、個人的に興味深かった。ベクトルの考え方はAI開発にとても活かせそうなので、これからも注目していきたい。
",
C-2021-2_U9,,,,様々な距離や類似度の表し方があることを知り驚きました。,特にありません。
C-2021-2_U91,　今回の授業を聞いて、ベクトルがデータ解析において非常に重要であることが分かった。これまで私は、ベクトルと言えば数学で扱う平面ベクトル、空間ベクトルしか知らなかったが、複数の数値を塊にしたものすべてがベクトルだというのはかなり驚いた。,,"　まず、ベクトルをどのようなことに用いることができるかについての話があった。例えば経済の分野では、高値、安値、始値、終値のベクトルから未来の株価が予測されている。また、薬学や科学の分野では、似た構造をベクトルととらえ、その構造があれば１、なければ０とする化合物の特徴のグループ化が行われている。さらに法学では、法令文書を、データ分析手法を活用可能な、自然言語で書かれている文字列ととらえて解析し、法令に矛盾がないかや運用プロセスが適切かの確認を行う法令工学が行われている。
　では、そもそもベクトルとは何であろうか。ベクトルとは複数の数値を塊にしたもののことであり、かっこの中に数字をカンマで区切って書く。それぞれの数字には意味があり、数字を入れ替えることはできない。特定の観点から、人、料理、文書、画像など様々なものをベクトルとして表現できる。
　ではなぜベクトルでデータを分析するのだろうか。それは、ベクトルはデータの組み合わせであり、1つのデータでは分からないこともより分かりやすくなるからである。データの「近い/遠い」や「似ている/似ていない」はデータ分析の基本である。
　では、データの「近い/遠い」はどのように判断するのだろうか。その場合に重要になるのが「距離」と「類似度」である。データ解析における「距離」は定義が日常会話より自由であり、データ間の差異を意味している。距離が近ければ近いほど、それらのデータは似ていることになる。「類似度」は「距離」と反対の概念で、距離ほど厳密ではない。また、距離が常に０以上になるのに対し、類似度はマイナスにもなりうる。物をベクトルで表すことで、様々な種類の距離や類似度が使える。距離はデータ解析の基本で、1種類ではない。最も代表的な距離は直線距離のユークリッド距離だが、道に沿った距離であるマンハッタン距離やデータが一番違うところの距離であるMax距離、長さの同じ2系列間の違う要素の数を表すハミング距離、置換、挿入、削除の最小回数を表す編集距離などがある。",　ベクトルや距離といった、今までも知っていた言葉の新しい意味を知れて、かなり興味深かった。,
C-2021-2_U93,ベクトルとは、複数の数値をカタマリにし、カッコで区切ったものであり、その順番に意味があるものである。ベクトルを用いることで、画像や文書などの様々なデータを数字で表すことができるようになる。ベクトルのデータ分析には線形代数が、データ表現には行列が使われる。数学的な距離と類似度の概念について学んだ。,ベクトルを用いて実際にデータを数値に落とし込む手法についてもう少し学習していきたいと思った。,データ分析におけるベクトルの概念について学習した。また、ベクトルの利用により様々なデータが数字で表現できる。データの分析や表現に数学的概念が用いられていることを学んだ。データ分析の基本的概念である距離と類似度について学んだ。様々な距離やる類似度の種類について学んだ。,"自分の専攻している分野が実社会でどのように活用されているのかわかって面白かった。
",特にありません。
C-2021-2_U95,ベクトルは数学の時よりデータの時の方が何をしているか分かり易い,,ベクトルのデータ的な味方ついて,ベクトルの使い道がようやくわかった気がする,
C-2021-2_U96,様々な種類のデータの可視化の方法について理解することができた。,,,現在基幹教育や専門教育で学んでいること(線形代数など)は、他の分野でも活かすことができると知って興味がわいた。思わぬところで生かせるような分野とこれから出会っていくかもしれないので、今学んでいることに対してしっかり取り組んでいきたい。,
C-2021-2_U97,,マンハッタン距離の使い道について,,"今までの講義の中で何度か「距離」という単語が出ており、これが一体何を示しているのかあまりわかっていなかったが、今回の講義を受けて以前よりは距離について理解できたと感じた。
",
C-2021-2_U99,大学で習った数学である線形代数が、情報科学においてどのように応用されているのかが分かった。また、ベクトルは平面ベクトルや空間ベクトルなどの図形の問題を解く材料として使うことが多かったが、データの分析をする際に応用されていることが分かった。,,ベクトルを用いたデータ分析のやり方と。ベクトルを用いる意味について学習した。ベクトルを用いると、データを集合としてとらえることができるので、距離や類似度といった概念を使ってデータの分析ができ、画像認識やクラスタリングなどで応用されている。距離はデータ間の距離で、もっとも代表的なユークリッド距離のほかに、マンハッタン距離やmax距離など、様々な距離がある。逆にデータ間の近さを表すのが類似度で、類似度に決まった定義はなく、Jaccard係数など様々なものが用いられる。,データ分析の際の数学的な処理がわかってとても面白かった。,
C-2022-1_U10,"私たちは大きな次元のベクトルに囲まれて生きている。ベクトルでの表現方法は対象によって変わってくる。
距離や類似度の測り方は対象や用途により使い分ける必要があるというのが、料理の例えの話によってよくわかった。（料理の違いを見つける→コサイン類似度だが何人前かを区別するときはユークリッド距離を用いる）",,"ベクトル：複数の数値をかたまりに。（＊順番には意味がある）
→文書も画像もベクトルにできる。
→多数のデータを用いて可視化すると線が見え、パターンを掴むことができる

距離：データ間の距離（単位がある場合もない場合も）
　　　距離の公理（非退化性・対称性・三角不等式）を満たす
類似度：距離の反対の概念、距離ほど厳密には定義されていない（正負をとる）

距離は一種類ではない
ユークリッド距離：ピタゴラスの定理に似ている、何次元ベクトルにも計算可能
マンハッタン距離・max距離もある→一方の距離がおなじでももう一方が違うとき、データの違いが確認できる
ハミング距離→長さの同じ２系列間の距離
編集距離→２系列間の距離（長さは違ってもいい）
コサイン類似度→長さはどうでもいい時に使う（方向性が重要な時）
",,
C-2022-1_U11,,,ベクトルとは数値をかたまりにしたものであり、順番に意味がある。データ解析における距離はデータ間の差異であり、似ている度合いのことである。似ているかどうかの判断は単位がないものに対しても行うことができる。類似度は距離の反対概念であり、大きいほど似ている。距離にはさまざまな種類があり、ユーグリット距離、マンハッタン距離、max距離、ハミング距離、編集距離などがある。,,
C-2022-1_U12,ベクトル、距離についてわかりました,,ベクトルで単位の異なるものを同時に表せる。,今日の内容はすごくよくりかいできました,
C-2022-1_U13,"max距離は要素の中の違いを強調したいときに使用する。
コサイン類似度は距離＝量の差は考えない。量ではなく比率を重要視する。ベクトルの矢印の方向がよく似ているときに使われる。矢印が作る角度を考えることで、要素がどれほど似ているかを認識することが出来る。",特になかったです。,"ベクトルには順番に意味がある。数字の組み合わせで表すので、文書や画像など様々なものを表現できる。
データ分析には距離と類似度から考えることが出来る。距離にはマンハッタン距離、ユークリッド距離、max距離がありそれぞれで長さが異なる。目的に見合った距離を選択することが必要。
ハミング距離とは違う要素の数を距離として捉える。長さが同じ２系列間を考える。一方、編集距離は長さが異なるものの間でも、編集や削除の最小回数を表す。
類似度の中には、Jaccard係数やコサイン類似度がある。","　やはり、データ分析において目的を理解し、自分で必要なデータを分析することが大切だと改めて思いました。２点間の距離だけでも、３つの捉え方がありどれを選択したかによってどのグループに属するのかが異なることを学びなした。
　以前先生がベクトルはデータ分析において、とてもよく使われるとおしゃっていたけどその理由をきちんと分かっていませんでした。でも、今日の講義でベクトルの便利さ、有用さを例とあわせて理解することが出来、よかったです。",
C-2022-1_U15,,,,ベクトルや線形代数の考えを利用してデータ分析を行えることがわかったので今後の学習のためにも線形代数の勉強をちゃんと行おうと改めて思った。,
C-2022-1_U17,ベクトルはデータをわかりやすくし、分析しやすくする数字。組み合わせと多数のデータからパターンがわかるようになる。距離はさまざまな名前の距離がある。,,ベクトルとは単なる数字の組みであり、順番に意味があるのである。データはベクトルで表すことができる。データ分析をベクトルですることによってデータ間の関係を見ることができる。距離はどれだけ似ているかを示す。,距離の計算が出てきて大変だと思った。今まで習ってきたベクトルを全部忘れる新しい定義の仕方で面白かった。,
C-2022-1_U18,,Jaccard係数が直感的に理解しにくかった。,,,
C-2022-1_U19,世の中の様々なデータはベクトルで表現することができ、ベクトルで表現することによって距離や類似度が定義できるようになるということ。,,データはベクトルによって表現できる。ベクトルの集まりである行列もデータ表現に使われるため、線形代数はデータの分析で活躍する。データにおける距離は自由度が高く、条件さえ満たせば何でも距離となる。類似度は距離とは反対で大きければ大きいほど似ているということになる。ベクトルを用いることでデータの距離や類似度を測ることができる。距離にはmax距離、マンハッタン距離、ユークリッド距離などがあり、対象や用途により使い分ける必要がある。,画像データはベクトルで表現されており、その処理にはベクトルの知識が必要となるということで、自身の希望する進路を叶えるためにも線形代数をしっかり勉強しておこうと思った。,
C-2022-1_U20,データを数字を使って表すことがベクトルや行列を使ってできること。そうすることで、データ同士が似ていたり違うものであることを認識できること。,データの置き換えがどう行われるかの詳しい過程。,,今日はデータの扱いについて詳しく知ることができた。,
C-2022-1_U21,距離と類似度は反対の概念で、距離は小さいほど似ているが、類似度は大きいほど似ている、ということがわかりました。また、ベクトルは距離・類似度と関係性があり、ものをベクトルで表せば、さまざまな種類の距離や類似度が使えるということがわかりました。,,,距離はデータ解析の基本であり、距離によってデータがまるっきり変わるので大事なんやなと思いました。なので、さまざまな距離の特質やメリットデメリットを抑えておくことが大事だとわかりました。画像認識なんかも距離か！って思いました。,
C-2022-1_U22,"ベクトル＝大きさ＋向きだと高校で教えられたが大学で一気にその考えが崩された。
距離の公理・・・①同じモノなら距離は０（非退化性）②xからyへの距離は同じ（対称性）③寄り道したら遠くなる（三角不等式）",,"ベクトル・・・複数の数値を塊にしたもの→向き＋大きさはベクトルの一種
距離・・・距離の公理を満たすモノならなんでも距離。小さいほど似ている
類似度・・・距離とは逆の概念。大きいほど似ている",,
C-2022-1_U23,,後半は特に数学的な考えが出てきて理解するのが大変だった。,,,
C-2022-1_U24,,,,例が多く挙げられていたため図やグラフ等がない場合よりは理解しやすかったのかなと思う。体感温度が少しばかり高く感じられたのでしっかりと集中して聴くことは叶わなかったのだが、それでもおおよその内容は理解できたと思う。次回からは学習環境ももう少し見直してから講義に臨みたいと思う。,
C-2022-1_U25,,,"文章や画像をベクトルで表すことができる。
ベクトル表現されたデータの分析には、線形代数もよく使われる。
数学的には、非退化性、対称性、三角不等式の三つの条件を満たすものを、距離と呼ぶ。
類似度は、距離の反対の概念。
類似度は距離ほど厳密に定義されていない
距離には、max距離、マンハッタン距離、ユークリッド距離がある。",今まで勉強してきた線形代数やベクトルが情報科学とつながって面白かった。,
C-2022-1_U26,データをベクトル表示することでクラスタリングなどデータ分析に役立つ,,"文書もどんな単語がどれぅらい使用されているかに着目するとベクトルで表現できる
画像はピクセルなのでベクトル表示できる。
データ解析における距離はデータ間の差異つまり似てない具合のこと。
類似度は距離と反対の概念で大きいほど似ているということになる。
このベクトルや類似度は相同性検索やクラスタリング、系統分類に利用される。
距離にはユークリッド距離、max距離、マンハッタン距離がある。

",ベクトルは数字による表示していると思っていたので画像などのデータもベクトル表示できることが分かった,
C-2022-1_U27,データがベクトルで表現できること、距離には私たちが普段使っているユークリッド距離以外にもたくさんあることが分かった。,それぞれの距離の説明の理解が難しかった。,表、文書、画像などあらゆるデータはベクトルで表現することができる。ベクトル表現されたデータの分析には、線形代数もよく使われ、また、行列もデータ表現に使われる。ベクトルはデータの組み合わせなので、データ分析に適している。データ解析における距離とは、データ間の差異のことを言い、距離が小さいほどそのデータ同士は似ている。距離には様々あり、ユークリッド距離、マンハッタン距離、max距離、ハミング距離、編集距離などがあり、データによって使い分ける必要がある。また、類似度は、大きいほどデータ同士は似ていて、類似度を表すものとしてJaccard係数、コサイン類似度などがある。,今までベクトルは数学や物理でしか扱うことがなかったが、日常生活のなかで出てくるデータにも使われていることを知り、より身近に感じた。距離の話は、理解するのが難しかったが、分かると面白いなと思った。,
C-2022-1_U28,ベクトルの便利さと、コサイン類似度の求め方,等距離面での説明,,,
C-2022-1_U29,データ分析でベクトルが用いられる理由、距離と類似度の例。,どうしても等距離面でのユークリッド距離、マンハッタン距離、マックス距離の違いを理解することができなかった。（４４ページ）,,,（３）についてよりわかりやすい説明があればお願いしたいです。地点赤から地点オレンジまでの距離の値については理解できました。
C-2022-1_U3,"グレースケール画像のベクトル表現では、一般的に黒から白までの256色の段階で表すが、ベクトルの次元自体は白と黒だけの場合と同じである。
距離や類似度にはさまざまな測り方があり、知りたい情報に応じて使い分ける。たとえば、コサイン類似度では長さはわからないが、方向性の違いだけわかるため、料理のレシピなど比率が知りたいときに使う。またmax距離は、一要素でも大きく違ったら他の要素が似ていても違うことにしたいときに使う。","対応関係の表現としての行列がどういうことかよくわからなかった。
",あらゆる情報はベクトルで表現される。ベクトルでデータ分析することで、複数のデータ間の関係が見えてくる。二つのデータがどれくらい似ているかは、距離や類似度を用いて測る。距離と類似度は反対の概念で、距離は似ていない具合、類似度は似ている具合である。ユークリッド距離は直線距離で、マンハッタン距離は道のりである。max距離は最も違いの大きい一要素間の差異である。ハミング距離は長さの同じ２系列間で違う要素の個数である。編集距離は２系列間での置換、挿入、削除の最小回数であり、長さの違う系列を比べられるのがメリットである。jaccard係数（類似度）は全要素のうち共通部分の割合である。コサイン類似度は方向性の類似度を測る方法である。,今まで自分が距離と思っていたものはユークリッド距離だけだったが、目的に応じてさまざまな距離の測り方があることを知って驚いた。自分もデータを分析し、クラスタリングなどをする場合、距離と類似度でどの手法を用いるか考え、適したものを選ぶようにしたい。,
C-2022-1_U30,様々な距離について理解できた。ユークリッド距離とは三平方の定理などで求められる二点間の距離である。三次元間のユークリッド距離でもピタゴラスの定理のようにして簡単に求められる。ユークリッド距離をx、y軸方向に分けたときのx方向をmax距離、y方向をマンハッタン距離という。ハミング距離と編集距離は二系列間の距離で、系列の長さが違っても大丈夫なところがメリットである。,距離や類似度がデータの解析に利用されていることはわかったがそれらをどのようにして使って画像を認識したり、画像を判別できるのかが詳しくわからなかったので調べようと思う。,,,
C-2022-1_U32,,,データに用いられる、ベクトルや距離の種類を学んだ,,
C-2022-1_U33,今日はさまざまなデータがベクトルとして表現でき、またそれを利用してカメラなどが使われていることを知り、驚きました。カメラが写真を撮るたびに400万字げんのベクトルを作り出していると知り、本当にびっくりしました。また、一口に距離と言ってもユークリッド距離やマンハッタン距離など、さまざまなものがあります。それぞれが距離の取り方が違い、同じものの距離でも定義が違えば距離が違ってしまうということがわかり、とても面白いと思いました。また、距離や類似度を利用することでデータも分析でき、さまざまなことに利用されているとわかりました。,,,,
C-2022-1_U35,"ベクトルがa(x,y)で表される時、ユークリッド距離は∥a∥=√x^2+y^2で表される。
MAX距離は、x,yで大きい方の値となる。
マンハッタン距離はx+yで表される。
二つのベクトルがあった時にその2点の「距離」の値が小さい時その二つのデータは、似ているということになる。",,,データの類似度はそのデータをベクトルで表すことによって具体的に求めることができることがわかって便利だなと思いました。,
C-2022-1_U37,距離の公理さえ満たせば、どんな距離を作ってよいことが分かった。,,様々なものはベクトルで表現することができる。,,
C-2022-1_U38,,,データの表現の仕方にベクトルというものがる。データを複数の数値によって表したものだ。数値の順番によって何を表しているかがわかる。ベクトルでデータ分析を行うときに用いられるのが、距離や類似度だ。距離はベクトルどうしがどれくらい離れているかを表したもので、値が大きいほど似ていない。逆に類似度は値が大きいほど似ている。これらを用いることで、クラスタリングやグルーピングができる。,用語の意味だけでなく、その応用についてもしっかり理解できるようにしたい。,
C-2022-1_U39,,,"ベクトルとは、複数の数値をカタマリにしたもので、（）の中にカンマで区切って書く。順番に意味があるから順番変えられない。特定の観点から何かのデータをベクトルにできる。どんな単語が出れ暗い使用されているかに着目するなどして、文書もベクトル化できる。→文書全体の特徴や何が書いてあるかの話題などがわかる。
画像もベクトルである。色に数字を割り当てる。中間色を含むぐれ0スケール画像の場合は、例えば0だったら黒、256だったら白、灰色は例えば122などして表せる。きちんとした並びで画像を表現しているから画像もベクトル。私たちがカメラで写真を撮ったりするときは実はすごく高次元なベクトルを扱っている！行列はベクトルをまとめたものともいえるから、線形代数はベクトル表現されたデータ分析とすごく関係がある。
なぜベクトルとしてデータ分析するのかというと、複数の観点からデータ分析をしたくなった時に、ベクトルを使うと便利だからである。
データ分析の基本的な道具は遠い／近い、似ている／似てない。
距離は1種類ではなく、ある距離で荒らすことができなかったら別の方法の距離で表さないといけないから、使う距離の種類によって、データ分析の仕方は大きく変わる。
長さの同じ2系列間の距離をハミング距離で表したりする。何個違うのか考える距離。
系列の長さが違うものを扱う距離もある。→編集距離
ジャカード（ヤカード）係数→集合の類似度を表すどれくらい共通しているかを距離としてあらわす。
コサイン類似度→方向性の類似度を測る方法。量は考えない",,
C-2022-1_U4,,,ベクトルを用いれば、文書、画像、料理、体格など様々なものを表現することができる。多数のデータを用意すると見えてくる関係性もあるため、データの組み合わせであるベクトルをデータ解析に利用する。また、距離や類似度を用いるとデータのグルーピング、認識などが可能になる。,マンハッタン距離、ＭＡＸ距離など、初めて聞く沢山の距離を知れた。距離がデータ解析で収容になるとは知らず、驚いた。,
C-2022-1_U40,,,データの可視化とは適切な要素選択をしたうえでの図表化であり、図表化の手段は様々にある。分析したい観点ごとに手段を選ぶ必要があり、数値データの比較であれば棒グラフ、分布比較であれば箱ひげ図、割合把握であればパイチャート、傾向であれば折れ線グラフが適切である。また多次元データの可視化には2要素ずつ分割することも有効である。,,
C-2022-1_U41,,,,小テストは微妙であった。ベクトルについてよく知れたと思う。,
C-2022-1_U42,"・情報でいうベクトルとは数学のベクトルとは異なり、単に複数の数値をかたまりにしたもののことを言う。例えば（５、６、２、９）はベクトルであり、特に四次元ベクトルという。料理、体格、文書、画像など色んなものをベクトルで表現することが可能である。データ分析をする時にベクトルを用いることが多い。理由としてはたくさんのベクトルの組み合わせができ、新しい発見ができるからである。例えば体格のベクトルと肥満か痩せているかのベクトルを使って分析をすることで体格と肥満の関係性がわかる。
・このベクトルでデータ分析をするときに「近い/遠い」「似ている/似ていない」で判断する。データの距離というのは似ていない具合であり、距離が小さければ小さいほど似ている。類似度は距離とは反対の概念であり、大きければ大きいほど似ている。類似度の具体的な定義はまだない。距離の例として二次元や三次元であればいわゆる三平方の定理で表すことができる。また他にも違う要素の数が距離の長さであるハミング距離や置換、挿入、削除の最小回数が距離の編集距離がある。これらの距離や類似度を応用して画像認識やクラスタリングができる。",,"・ベクトル
・距離、類似度","前回の先生の返答に対する返答ですが、授業中は問題なく使えますし、今日は授業前にも教科書が使えました。
今回の授業のベクトルは、最初情報でベクトルと聞いたとき思い浮かんだのは数学で使うベクトルでした。情報でのベクトルはただの数のかたまりであり、それに今まで無意識にこのような表記の仕方をしていました。これがベクトルなのかと思うと少し面白いなと思いました。",
C-2022-1_U43,,,,分かりやすかった。,
C-2022-1_U44,,,ベクトル、距離、類似度について学んだ。,テストで満点を取れるように頑張りたい。,
C-2022-1_U45,,max距離はどこに直角を持ってくるかで無限に値が変わるのではないかと思った。,,数学で習うベクトルというよりは線形代数で扱うような仕組みで少し込み入っていて難しかった。,とくにありません。
C-2022-1_U46,max距離やコサイン類似度がわかりました,今のところ無いと思います,"・ベクトル…複数の数値をかたまりにしたもの
→順番には意味がある
→画像をベクトルで表現（超高次元ベクトル）
→(x1,x2,…,xn)…n次元ベクトル
・ベクトルでデータ分析…事象の関連性
→データを識別する、データをまとめる、区別する
・距離…ユークリッド距離（三平方みたいな?）
　　　　L1距離（マンハッタン距離、市街地距離）（ショートカットできない?）
　　　　max距離（1要素の違いを示す時?）
　　　　ハミング距離（同じ長さの2データの距離、違う要素の数が距離）
　　　　編集距離（2系列間の距離、置換、挿入、削除の最小回数、メリット:系列の長さが違ってもいい）
　　　　Jaccard係数（J(A,B,)=｜A∩B｜/｜A∪B｜=共通部分/全要素）
・コサイン類似度…方向性の類似度を測る
　　　　　　　　　cosθ（内積から求められる）
　　　　　　　　　-1=<cosθ<=1
　　　　　　　　　長さが関係ない時に使う
・距離や類似度の応用…データのグルーピング、異常度、認識、画像認識、クラスタリング
~まとめ~
・ベクトル…データの代表的な表現方法の１つ
　　　　　　何がどのくらい強い、あるを数学的に表現
　　　　　　ベクトルでの表現方法は対象によって変わってくる
・距離と類似度…データの近さを測る方法
　　　　　　　　対象や用途によりさまざまな方法があり使い分ける
　　　　　　　　系統樹作成や、文字認識などへの応用",期末テストの勉強をしっかりしなければならないなあと思いました。,今のところありません
C-2022-1_U48,,,,普段ニュースや教科書で見るグラフや図は元になるデータによって選ばれていたのだと分かった。ただ3Dパイグラフのように使い方によっては実際の数値より大きかったり小さかったりするように錯覚してしまうものもあるので情報リテラシーとしてそこは重要だと思った。,
C-2022-1_U49,,MAX距離がどうして一要素でも違うと違いが大きく出るのか。,ベクトルは多数のデータを利用できるデータ間の関係が見えやすいためデータ分析に利用される。データ分析における距離はデータ間の差異を表し、数学的に非退化性、対称性　三角不等式の条件を満たしていれば自由に決められる。そのためデータの性質に合った距離を利用することが大切である。,いろいろな距離の定義の仕方を知れて面白かった。,ありません。
C-2022-1_U5,データにベクトルの考え方がどの様に役立っているのかがわかった。,データでの距離の概念が少し難しく感じた。,,,
C-2022-1_U50,,,,今まで距離といえば二点間の距離しか思いつかなかったが、データ間の差異などという視点は今後重要になると思った。ベクトルの考え方は得意だったが今後のために改めて復習をしたいと思う。距離の類似度も今までは使わなかった概念なので今後のデータ分析に関する知識として覚えておきたいと思う。系統樹作成や文字認識などへの応用も大事である。,
C-2022-1_U51,数字だけでなく、画像などもベクトルをつかって表現できるということ,線形代数があまりわからなかったから、関わりがあまりわからなかった,さまざまな数字のデータはベクトルを使って表現することができる,線形代数をもうちょっと勉強して関わりを理解したいと思った,
C-2022-1_U52,データの類似度を測るためにはベクトルが用いられている。さまざまなものを数字に置き換えることでもの同士の関係性を図ることができる。線形代数の応用,,"ベクトルを使用することでさまざまなものを表現することができる。
ベクトルはデータの組み合わせ→一つの組み合わせではわからないことも、多数のデータを用意することで、データ間の関係が見えてくる

類似度：距離
→ユークリッド距離、マンハッタン距離、max距離
他にも、ハミング距離、編集距離、Jaccard係数、コサイン類似度

これらを用いることで、、、
データ集合のグルーピング、データの異常度、データの「認識」",,
C-2022-1_U53,データ解析におけるベクトルや線形代数の重要性と、その詳細となる距離の種類と特徴について知ることができた。,,"データ分析には線形代数が不可欠
データ解析における「距離」「類似度」が存在し、データの近さを測ることが出来る
距離にはユークリッド距離、max距離などがある",,
C-2022-1_U54,これまでやってきた、クラスタリングなどが今回の授業でさらに理解が深まった。,スライド60の系統樹がわからなかった。,ベクトルとは、数字の組である。つまり、複数の数値を塊にしたものであり、順番に意味があるのである。ベクトルは特定の物体の特徴を表すこともできる。料理であれば、材料の分量を表現することができる。他にも、体格、文書、画像なども表せる。これは、線形代数でも用いられ、行列もデータ表現に使われる。ベクトルでデータ分析を行うと、一つの組み合わせではわからないことも多数のデータを集めればわかるようになる。つまり、傾向がわかるということである。このデータ分析の基本道具として、近さ・遠さ、にている・にていないなどが使われる。これを距離と類似度という。データ解析における距離とは、データ間の差異（にてない具合）のことである。数学的には、厳密な距離の条件がある。類似度は、距離の反対の概念であり、大きければ大きいほどにている（距離は小さいほどにている）。そして、類似度は距離ほど厳密に定義されてない。ものをベクトルで表すことによって、これらの距離や類似度といった道具が使える。この分析れいは、相同性検索、クラスタリング、系統分類、判定、異常検知がある。距離が変わるとデータ解析の結果はまるっきり変わるので、メリットを見極めて適切な方法を選択するべきである。この、距離の種類に、ユークリッド距離というものがある。距離の二上のことである。何次元ベクトルでも距離は計算可能である。簡略すると、一つの式にまとまる。ちなみに、二重絶対値は、ベクトルの長さを表し、ノルムともいう。これ以外の距離として、max距離、L1距離（マンハッタン距離、市街地距離）がある。max距離は、一要素でも違ったら、それは結構違うのだとしたい場合に使う。等距離面で見るとこの三つの差がわかりやすい。また、ハミング距離とは、（長さの同じ）二系列間の距離のことである。編集距離は、二系列間の距離だが、系列の長さが違っても大丈夫である。Jaccard係数とは、（数学の）集合の類似度である。入っているか、入っていないかだけを見る。コサイン類似度とは。方向性の類似度を測る方法である。長さがどうでもいい時に使う。これら、類似度、距離を応用して、データ集合のグルーピング、データの異常度、データの認識ができる。画像認識、クラスタリングなどがその例である。,,
C-2022-1_U56,,,ベクトルとは数学的には大きさと向きを持つ量であるが、データの代表的な表現としても用いられる。また、距離や類似度はデータの近さを測る方法であり、対象や用途によって使い分けられ、その用い方によって結果として表される距離は全く違う値となる。距離とはデータの差異のことであり必ず正の数であるが、類似度は距離よりも厳密に定義されておらず正負どちらの値も取りうる。,ベクトルは数学の中で図を用いて扱うものというイメージが強かったが、データ分析にも用いられていると知って驚いた。距離や類似度にも様ざな種類があり、複数のデータのにている具合を考える場合にさまざまな表し方があると知り驚いた。,
C-2022-1_U57,ベクトルで表したら、何次元のものでも表せるということがわかった。線形代数がデータの分析に役立つことを知った。,,,,
C-2022-1_U58,いろいろな距離について知ることができた。,,,小テストが少し難しかった。,
C-2022-1_U59,,,,小テストで満点を取ることができた。引き続き頑張りたい。,
C-2022-1_U6,,,ベクトルはデータを表したり、データの分析に使われる。データ分析では、近いか遠いかの距離についてと似ているに邸内の類似度がある。距離では、データ間の差異のことで小さければそのデータはよりに足りることになるが、類似度は大きいほど似ていることになる。また、距離にもユークリッド距離やmax距離、マンハッタン距離などがあり、さらに違う要素の数が距離になるハミング距離や操作数を数える編集距離もある。類似度にも集合の類似度、jaccard係数やコサイン類似度という方向性の類似度を測る物もあり、様々なデータ識別方法が存在する。,,
C-2022-1_U61,物事をベクトルで表して、コンピュータでもわかるように言語化しよっちう考え方,距離と類似度が反対の概念であること,すごい数学数学してて先入観が取り除けない話,今日のはわかりやすい,
C-2022-1_U62,,,,データの距離について、いろいろな距離があるというのが面白いと思った。,データの代表的な表し方はベクトルとあるが、それ以外にどのような表し方があるのか
C-2022-1_U64,,距離は１種類ではない,,,
C-2022-1_U65,"ユークリッド距離が最初見ただけではわからなかったが、説明を聞き、ベクトルの距離の計算と同じであるとわかった。また、マンハッタン距離、max距離との違いも理解することができた。
",,"今回はベクトル、距離、類似度について学んだ。複数のデータを扱う時、ベクトルを使うと非常に便利になる。例えば、大量の文書がありそれを分析しようとする時、その文書をベクトル化してクラスタリングすると、全部読む手間が省ける上、主観的な考察も防ぐことができる。画像（ピクセルの集まり）もベクトルで表現することができる。ここで注意したいのが、白黒の画像とグレースケールの画像で画素が同じであれば、いくら色の種類が増えようとベクトルの次元は変化しないということだ。ベクトルはデータの組み合わせであり、ベクトルとして扱うことで、一つのデータではわからなかったデータのつながりがわかるようになる。そのベクトルの距離や類似度を調べることで、データを識別したり、まとめたりすることができる。
距離について、数学的に定義すると、非退化性（同じところにいたらゼロ）、対称性（x→y、y→xは同じ距離）、三角不等式（寄り道したら遠くなる）の３つを満たすd（x,y）をx,yの「距離」と呼ぶ。ただし、類似度は距離ほど厳密に定義されておらず、正の値も負の値もとる。
距離の種類は一つではない。最も代表的な距離として、ユークリッド距離がある。二次元ベクトルだと三平方の定理で求めることができる。これを応用し、多次元ベクトルも同じように距離を求めることができる。それほど難しいことではない。ユークリッド距離の他に、マンハッタン距離（斜めに行くことができない）、max距離（一つ一つの要素を比べ、その差の最大値をとる）がある。max距離は、「一要素でも大きく違ったら、それはかなり違う」データを扱うときに使う。その他の距離に、ハミング距離、編集距離、Jaccard係数（類似度）、コサイン類似度などがある。
これらの距離や類似度を応用して、データ集合のグルーピング、データの異常度を調べる、データの認識ができるようになる。
",データのグルーピングや認識をするための距離、類似度の実際の計算方法を学べたので、より具体的にベクトルの便利さを感じることができた。また、距離にいくつも種類があることに驚いた。その場に応じて適切な距離を用いることで、効率よくデータが扱えるのだと思った。,
C-2022-1_U66,,特にありません。,"ベクトルとは,複数の数値をカタマリにしたもので,()の中にカンマで区切って書く。その順番に意味がある。
ベクトル表現されたデータの分析には,線形代数もよく使われ,行列もデータ表現に使われる。
ベクトルはデータの組み合わせなので,ベクトルでデータ分析すると,1つの組み合わせでは分からないことも,多数のデータを用意することで,データ間の関係が見えてくる
データ解析における「距離」はもっと自由である。ここでの距離はデータ間の差異(似てない具合)であり,距離が小さい2データは「似ている」といえる。単位がある場合もない場合もある。
数学的には,非退化性・対称性・三角不等式の3条件を満たすd(x,y)をx, y の「距離」と呼び,条件を満たすなら,何でも「距離」といえる。
類似度は距離の反対の概念で,大きければ大きいほど似ている(距離は小さいほど似ている)。類似度は距離ほど厳密に定義されておらず,類似度は正も負の値もとる(距離は0以上)。また,三角不等式のような条件もない
モノをベクトルで表せば,様々な種類の距離や類似度が使え,距離や類似度に基づいた分析例には,相同性検索・クラスタリング,系統分類・判定・異常検知などがある。
距離は「データ解析の基本」であり,距離は1種類ではない。距離が変われば,データ解析結果は「まるっきり」変わるので,データや解析問題の性質に合致した「距離」を選ぶ必要がある。
最も代表的な距離はユークリッド距離でありユークリッド距離以外には,L1距離(マンハッタン距離),max距離,ハミング距離,編集距離(edit distance)などがある。
類似度にはJaccard係数(類似度),コサイン類似度などがある。
距離や類似度を応用してデータ集合のグルーピングやデータの異常度調査,データの「認識」ができる
",データ分析ではベクトルや行列といった数学的要素が多く活用されていると分かって、数学の大切さを実感した。,
C-2022-1_U68,ベクトルとは、複数の数値を塊にしたもので、順番には意味がある。データ解析における距離とは、データ間の差異を指し、短いほど似ているといえる。類似度は距離の反対の概念であり、大きければ大きいほど似ているといえる。,,ベクトルはデータの組み合わせであり、一つの組み合わせではわからないことでも多数のデータを組み合わせることで、データ間の関係が見えてくるのでベクトルはデータ分析に使用される。,ベクトルや距離・類似度について理解することができた。三次元のユークリッド距離で最初つまずいたけど、ピタゴラスの定理に似ているので、思ったより簡単で安心した。,
C-2022-1_U69,,特にありません。,データ分析で複数の組み合わせを見るときにベクトルを用いるとデータ間の関係が見えるため便利である。これを利用することでパターンがわかったり種類を判別できたりする。つまり、モノをベクトルで表せば、さまざまな種類の距離や類似度が使えるようになる。距離にはさまざまの種類があり、データや解析問題性質に合致した距離を選ぶ必要がある。例えば、ユークリッド距離・max距離・マンハッタン距離などがある。,距離と聞いて自分がイメージしていたのがユークリッド距離だけだったのでそのほかにも距離の表し方があることが興味深いと思った。授業で紹介された以外のデータ分析でもどの距離を使うのが適切であるか考えてみたらより理解が深まっていいと思う。,特にありません。
C-2022-1_U7,,距離と類似度の概念の違いを理解するのに時間がかかりました。,ベクトルとは複数の数値をカタマリにしたもの。距離とはデータ同士の関係性。データや解析問題の性質に合致したものを選ぶ必要がある。類似度は距離と反対の概念である。,距離や類似度にもいろいろあってどの言葉が何を表すのかがこんがらがりそうです。,
C-2022-1_U70,まず第一に、今大学数学で「線形代数」を学んでいることが決して無駄ではないとわかった。また、データ解析において距離を測る方法はいろいろあってどう測るかによって、炙り出される特徴が変わるのだとわかった。手書き文字のデータ認識やgoogleの画像検索などの技術は、実はシステムの裏側で膨大な量のベクトルを処理しているのだと思うと、ベクトルをより身近に捉えることができた。,,今日の授業では、ベクトルとデータ間の距離の表し方を学んだ。ベクトルは複数の数値をあるかたまりとして表現したもので、括弧内の数値の順番には意味がある。画像や文章などさまざまなデータをベクトルで表すことができ、データ分析の際には線形代数が活用できる。データ同士の似ている度合いを「距離」と表現し類似度を割り出す助けになる。距離には最も代表的なユークリッド距離の他にマンハッタン距離やmax距離、ハミング距離などがあり、多様な測り方をすることによってデータの特徴をより正確に分析することが可能になる。,ここ最近の内容は私たちの身近な話題に近い話が多いので、興味深い。ベク鳥の長さを表す二重絶対値の「ノルム」という呼び名は初めて聞いた言葉だった。マンハッタン距離やmax距離、ハミング距離、編集距離など耳馴染みのない距離の測り方についてぬかく理解することができ嬉しかった。,
C-2022-1_U71,,,,テストも近くなってきたので、復習を進めていきたい,
C-2022-1_U72,文書のベクトル化によるクラスタリングができる。また、ベクトル表現されたデータの分析には線形代数もよく使われる。,,,,
C-2022-1_U74,,,,,大丈夫です。
C-2022-1_U75,ベクトルを理解することで本質的な理解がしやすくなったと感じました。,似たような意味の言葉がいくつか出てきたので、ややこしかったです。,"ベクトルとは、複数の数値をカタマリにしたものである。このデータ分析には、線形代数や行列も使われます。また、数学的な距離の3条件を距離の合理という。また、類似度はこれほど厳密ではありません。最も代表的な距離は、ユークリッド距離である。
",講義も終盤に差し掛かってきたので、しっかり復習をしたいです。,
C-2022-1_U76,,,,類似度や距離を図的に説明されたので分かりやすかった。,
C-2022-1_U77,,マンハッタン距離が何に使われているか,,,マンハッタン距離はどのような場面で使われるのでしょか。
C-2022-1_U78,ユークリッド距離、マンハッタン距離、max距離を求めることができた。この世にあるデータはほとんどベクトルで表すことができると分かった。,,データをベクトルで表すことによって、数学的にそのデータの特性がわかりやすくなる。また、データ同士の距離を求めることができるので、類似度もわかる。距離の図り方はユークリッド距離だけでなく、マンハッタン距離やmax距離がある。目的に応じて図る距離を使い分ける。,距離は、公理さえ満たしていればいくらでも自分で作ることができるということは非常に面白いと思った。,
C-2022-1_U79,どのように比較したいかで、考える距離の表し方を変えることが理解できた。データ上でものを認識したりクラスタリングでき、それが距離を利用して判断できるものだということを理解できた。,マンハッタン距離とはどのような時に使われるものなのかな、と疑問に思った。,,,
C-2022-1_U80,"数学的なベクトルの認識と違い、データでのベクトルは種類の数が次元となっている。
写真もベクトルであり、画素＝ベクトルは初めて知った。",,,情報科学でのベクトルの概念を知れてよかった。,
C-2022-1_U81,,距離の話が少し難しかった。,コンピュータにおけるベクトルの仕組み,難しい部分もあったので、しっかり復習したい。,
C-2022-1_U84,,ぼんやりとした理解だが、多分二重絶対値とは普通の絶対値とは全く類似性がない。まずそれぞれの絶対値の記号の間に入るものが違う。普通の絶対値は数値が入るが、二重絶対値はベクトルが入る。それが故に二重絶対値を解くと距離が出るのだろう。,,画像をベクトルで表現するのは、中学校の時に画素の勉強をした際出てきて、その頃はベクトルという概念を知ら図、0と1を使うんだ〜、ぐらいにしかならわなかったので今回やっと仕組みがわかってよかった。,
C-2022-1_U85,画像認識やクラスタリングなどで距離や類似度が応用されていること、ベクトルの表現方法は対象によって異なること,コサイン類似度,,データ分析において、数学的なことが利用されていて、今までやってきた数学が初めて報われたきがして、うれしかった。残り少ないが頑張っていきたい。,
C-2022-1_U86,おもっても見ないところでもベクトル表示がなされている,,情報におけるベクトルについて,,
C-2022-1_U88,"データ解析における距離、類似度の考え方、ユークリッド距離、max距離、等距離面などの用語が理解できた。ベクトルがこれからの学びでどのように生きていくかが分かった。
",,ベクトルをうまく使うことにより、データは分類して整理することが可能になる。具体的に言えば、文書や画像をベクトル化でき、距離や類似度からデータの位置関係を紐解くことが出来る。,,
C-2022-1_U89,,,"今回の講義では、ベクトルや距離、類似度などについて学んだ。ベクトルは複数の数値を一つのかたまりにまとめたものである。その中の数値の順番ごとに意味がある。これらの性質によって様々なものをベクトルで表現できる。多次元ベクトルで様々な角度でターゲットとなるデータを分析できる。ただ、そのデータの中の一部の要素で表すのでそのデータのすべてを表すことができるわけではない。画像でいうベクトルは画素である。シャッターを押した瞬間に400万次元ベクトルが生成されている。さらに言うと、Red、Green、Blueの3原色があるからそれぞれで400万次元ベクトルであるから実質1200万次元ベクトルある。ベクトルで表現されたデータを取り扱うときは線形代数を用いることが多い。ベクトルの集まりとしての行列や対応関係の表現としての行列など、行列はデータ分析で重要な役割を果たす。ベクトルはデータの組み合わせである。一つの組み合わせではわからないことも多数のデータを用意することでデータ間の関係が見えてくる。データについて、近い・遠いや似ている・似ていないはデータ分析においての基本である。データを識別したり、まとめたり、区別したりする。
データ解析における距離とはデータ間の差異である。距離が小さい場合はデータが似ているということ。距離の反対の概念として、類似度というのがある。距離は小さいほど、類似度は大きいほど、データが似ているということである。数学的に考えると、距離は厳密に定義されているが、類似度はそこまで厳密ではない。ものをベクトルで表せば様々な種類の距離や類似度を使うことができる。相同性検索やクラスタリング・系統分離、判定、異常検知などを行うことができる。距離はデータ解析の基本である。また、距離はユークリッド距離、L1距離(マンハッタン距離)、max距離などがある。距離の種類によってデータ解析の結果が変わることがあるからどの種類の距離をもちいるか考える必要がある。",,
C-2022-1_U9,,ベクトルではなくスカラーではだめなのか,"データを表現するベクトル
データの近さを表現する距離","線形代数の勉強もちゃんとしようと思った。
",
C-2022-1_U92,ベクトルの活かし方が少しわかった。,応用例のクラスタリングについてあまり理解できなかった。,身近なことをベクトルを用いて考えることができる。,小テスト受けられなかったのでその分復習しようと思います。,
C-2022-1_U94,距離や類似度を考えることでクラスタリングができる。数学を意外にも使うことに驚いた。,,ベクトルはデータの組み合わせ。多数のデータを用いることでデータ間の関係が見えてくる。距離は近いほど似ている。類似度は大きければ大きいほど似ている。,自分がよく見ているユーチューブもおすすめ動画がでてくるのをクラスタリングの話を聞いて納得できた。,
C-2022-1_U96,"ユークリッド距離、マンハッタン距離、MAX距離、ハミング距離、編集距離等を利用することによって解析された距離によって解析結果に差が生じることがわかった。
距離や類似度を用いてデータを分けることができた。
",類似度のコサイン類似度。,ベクトルとは、複数の数値をまとめたものでありその数字の順番には意味がある。文書や画像をベクトルとして表現することができ、ベクトルは線形代数によってくられる。データをベクトルを用いて表すことによってパターンがわかるようにな理、パターン認識して一番距離が近いデータを用いて多数決する判断方法がある。データ間の距離とは、数学的には・非退化性・対称性・三角不等式の3条件が満たされていれば良い。データ解析問題の性質に合致した距離を選ぶ必要がある。類似度は、距離の反対の概念であり、距離のように厳密に定義されていない。,データのグルーピングするときの基準がわかり安かった。,
D-2020_U13,,,,高速フーリエ変換が編み出された経緯について勉強してみたい,
D-2020_U15,高速フーリエ変換が高速である理由,,高速フーリエ変換について学んだ,,
D-2020_U18,"様々な種類のフィルタについて、利点や欠点とともに知ることができた。
新しく出てきた単語や概念なども理解することができた。",窓関数法に関して、少し理解があいまいになってしまったと感じた。,,"今まで授業で学んできたことを、フィルタというものを通して理解できたと思う。
ディジタル信号処理はどのような目的のもとにあるのかや、どのような働きをしているかを端的に表しているものだと思った。",
D-2020_U2,"高速ルーリエ変換の2つの型について
・周波数間引き型
・時間間引き型",特にありません,,,特にありません
D-2020_U25,高速フーリエ変換,,,"手順を追っていくことで証明の理解は出来た
よくこんな手法思いついたなと思う",
D-2020_U28,,特にありませんでした。,,そろそろ課題の準備を始めたいです。,特にありません。
D-2020_U29,,,,計算量が減っていくのは非常にありがたいと感じた。,
D-2020_U31,,,高速フーリエ変換を用いることで計算量を大幅に減らすことができる。,,
D-2020_U35,処理を偶数と奇数の半分に分けて行うことで、同一の計算が生まれ、処理を高速化できる,,高速フーリエ変換について,処理の高速化が、アルゴリズムからしっかり行われていて、すごいと思った,
D-2020_U36,演算回数の減少の原理について理解できた。,行列の式と実際の回路の対応づけが少々難しかった。,,,
D-2020_U39,,,高速フーリエ変換,かなり難しく感じたので、ノートをまとめる中でしっかり見直したい。,
D-2020_U40,高速フーリエ変換がどのような式変形を行うことで求めることができるか,,,これも昨年の信号とシステムで少し触れていたので比較的理解しやすかったと思う。,
D-2020_U41,,,高速フーリエ変換,,
D-2020_U42,高速フーリエ変換の方法、またこれが図示できるということ,複雑な計算をあまり行わなかったので、式では理解できても体感的にどれほど計算が早くなっているかはわからなかった,,いつもどおりわかりやすかった,
D-2020_U45,,,離散フーリエ変換の高速化手法,,
D-2020_U46,高速フーリエ変換の仕組みを理解できた。,,,,
D-2020_U47,離散フーリエ変換、離散時間フーリエ変換の定義など,,離散的な値のみで積分を用いることなく波を表現できる離散フーリエ変換を学習した,最近内容が複雑で難しいと感じるので予習であらかじめノートを作りながら内容を整理しておくようにしたい。,
D-2020_U48,,一般化した高速フーリエ変換については、いまいち分からなかった。,,高速フーリエ変換は手順が長く、難しかった。,N=9など奇数のときはどのように高速フーリエ変換するのですか？
D-2020_U49,離散フーリエ変換の行列には同じような形をした成分が含まれているので簡単化できる。,,,,
D-2020_U50,偶数データ部と奇数データ部に分けて計算する。再帰的に分けていって、計算回数が(N/2)log_2 Nまで減らすことができる。,,高速フーリエ変換を用いることで、離散フーリエ変換の計算量を減らす。,,
D-2020_U52,,,,行列に対して行う計算やそれによって作られる回路が煩雑そうなので演習でしっかり確認しようと思った。,
D-2020_U53,,,"高速フーリエ変換
",,
D-2020_U54,高速フーリエ変換の仕組みと導き方,,,,
D-2020_U57,行列計算の過程を理解した,具体的な定義がわかりづらい,離散フーリエ変換に対し、高速フーリエ変換は計算量が(N/2)log2Nで済む,内容がつかみづらかった,
D-2020_U62,,高速フーリエ変換の途中の式変形,高速フーリエ変換について,この授業内では全然理解できなかったのでしっかり復習したい。,
D-2020_U64,共通の行列を作り出すことで、高速化を行っているということが分かった。,,,高速フーリエ変換についてよく理解できた。,
D-2020_U66,早く計算する画期的なアルゴリズムが存在するということ,,,ちなみに、前回の離散時間フーリエ変換と離散フーリエ変換の違いも理解できました。,
D-2020_U9,,,,時間間引き型高速フーリエ変換についても調べてみたい。,
D-2021_U100,高速フーリエ変換によって演算回数を減らすことができることを理解できた。,,離散フーリエ変換は演算回数が多い。しかし高速フーリエ変換を用いることで演算回数を減らすことができる。フーリエ変換でデータを偶数データと奇数データにわけそれぞれを変換し一般化することで演算回数を減らした式を求めることができる。周波数領域のデータを前半の偶数でデータ、後半の奇数データに分離し、時間領域のデータから変換するものを周波数間引き型高速フーリエ変換という。これに対して時間データに対して前半の偶数でデータ、後半の奇数データの分離して計算するものを時間間引き型高速フーリエ変換という。,行列の計算が難しいと感じた。,
D-2021_U101,複素数の単位円上をN分割した図を考えることでアルゴリズムを簡単に理解することができた．,信号の流れ図を書くのが複雑．,高速フーリエ変換,,
D-2021_U102,,,高速フーリエ変換の手順を学んだ,行列の計算式だけをみたらあまり理解できないが図と共に見ると計算の流れがとてもよくわかった,
D-2021_U103,高速フーリエを分解することで計算量を減少できその手順も理解できた。,,高速フーリエ変換の手順について学んだ,高速フーリエにより、乗算、加算の回数を現象できることをしり、その手法は分解していくという単純なものだった。,
D-2021_U104,,,"今回は離散フーリエ変換の計算量を少なくして高速化するための方法である高速フーリエ変換について学んだ。高速フーリエ変換の周波数間引き型では、偶数の場合と奇数の場合について分けて考えることで
高速化できる理由につながっていった。",,
D-2021_U13,,,離散フーリエ変換は計算に時間がかかるので、高速フーリエ変換によって複素数であるWの階乗部分で重複しているものをまとめて、行列の乗算を半分に短縮することができる。,高速フーリエ変換した後の周波数データがすべての離散時間データを使わずに表すことができたこと,
D-2021_U14,高速フーリエ変換の一部　全部は理解しきれなかった,高速フーリエ変換,高速フーリエ変換,,
D-2021_U15,高速フーリエ変換への変換過程を実際に自分の手で行えた。,,高速フーリエ変換の導出,ｗの係数の変化を間違えないようにしたい,
D-2021_U16,離散フーリエ変換の分解の過程を順を追って行うことで理解できた。,,離散フーリエ変換は周波数間隔または時間間隔で分解することで計算量を減少できる。,,
D-2021_U17,周波数間引き型の高速フーリエ変換がなんとなくわかった。,,,,
D-2021_U18,離散時間フーリエ変換の性質,,,,
D-2021_U19,高速フーリエ変換は計算数が激減しかなり便利である,"具体的なイメージがわからない
作業のようにしか思えない",,,
D-2021_U20,,,,行列計算でミスしないよう注意したいです。,
D-2021_U21,,,,高速フーリエ変換がどのようなものかわかった。,
D-2021_U23,"Nが偶数の場合、奇数と偶数で分け、WN/2の行列で表すことができる。
これを用いることで計算量を減らしていける。",,"高速フーリエ変換は、離散フーリエ変換の演算回数を減らす為に行い、非常に便利。
",,
D-2021_U28,,,,ある程度理解できたと思うので、より一層理解を深めていきたい,
D-2021_U3,信号の流れ図を書けるようになった,,,,
D-2021_U31,高速フーリエ変換の計算方法について,演習問題で実際に数値が入る問題になると、理解するのに時間がかかった,,,
D-2021_U32,,,,高速フーリエ変換によって計算量が減っていくのはとても面白いと思いました。,
D-2021_U41,,,高速フーリエ変換,,
D-2021_U46,高速フーリエ変換は計算量が多く、そんなに高速でもないなと思った。,,,,
D-2021_U48,高速フーリエ変換のやり方と計算量の減少の仕組みが分かった。,,,,
D-2021_U50,高速フーリエ変換により計算回数が約半分になる,,,,
D-2021_U56,,,高速フーリエ変換,,
D-2021_U61,高速フーリエ変換の原理の理解,,,,もし奇数時間の信号になった場合は、あえてその数より大きくかつ最も近い2の整数の値の信号にして考えることはあるのですか？
D-2021_U62,高速フーリエ変換の導出,,"高速フーリエ変換を学んだ
",,
D-2021_U63,,,高速フーリエ変換について学んだ。,計算を速くする方法はとても大事なのできちんと覚えたいと思った。,
D-2021_U64,,,高速フーリエ変換,プログラムだと高速フーリエ変換は有効だった。,
D-2021_U67,,,,計算が複雑だと感じた,
D-2021_U69,,高速フーリエ変換の図の部分の理解が難しかったです。,,高速フーリエ変換について、途中からよくわからなったのですが、図書館LGCの記事を読んだら何とか理解できたのでよかったです。授業回数も残り少なくなってきたので頑張りたいと思います。,
D-2021_U70,高速フーリエ変換で計算量が減ることがわかった。,,高速フーリエ変換について。,行列が出てくると少し分かりにくくなるので気を付けたいです。,
D-2021_U72,高速フーリエ変換を行うことで、計算量が(N/2)log2(N)まで減少することがわかった。,,高速フーリエ変換の過程を習った。,スライドの内容的には簡単だと感じたが、実際に問題を解いてみると出来ているのか不安であったので、次回の講義の演習解答をしっかり聞いて理解を深めたい。,
D-2021_U73,,,高速フーリエ変換の導入,,
D-2021_U74,,信号の流れ図をはやく作る方法が分からなかった。,高速フーリエ変換を用いることで、離散フーリエ変換の計算量を減らすことができる。ただし、行列の知識が必要である。,,
D-2021_U75,,,,実際に手で書いて理解をすることも、やはり大切だなと思った。,
D-2021_U76,行列の変形を自分で考えられた。,大丈夫です。,"離散フーリエ変換では時間がかかるので工夫して高速フーリエ変換をする。
高速フーリエ変換は時間領域のデータ数が偶数でなければならないが、計算機は２進数なので相性がいい。",ぱっと見難しそうだが落ち着いて読むと理解できた。,ありません。
D-2021_U77,高速フーリエ変換の過程が分かった。,,高速フーリエ変換を利用すると、演算回数を(N/2)log2Nに減らすことができる。,,
D-2021_U78,,,,行列演算を追っていくのが大変だった。,
D-2021_U79,偶数と奇数に分けることで煩雑な行列計算を高速化できる。,行列の途中計算で目が回った。また、信号の流れを表現するのも難しく感じた。,光束フーリエ変換の導入、行列式を用いた解説,複雑な計算を試行錯誤して解くものだったので、ノートよりも演習問題で理解を深めた。,信号の流れを表現する上でのコツがあれば教えていただきたい。
D-2021_U81,高速フーリエ変換が成立する仕組みと，その使い方．,,高速フーリエ変換を用いて計算量を減らす．,,
D-2021_U83,,,行列を用いたフーリエ変換の計算方法,行列の計算が少し面倒だが、計算はしやすいと思った。,
D-2021_U84,高速フーリエ変換の計算方法やどのようにして使うか分かった。,時間間引き高速フーリエ変換がどのようなものかはあまり理解できなかった。,,,
D-2021_U87,講義資料中の説明や演習によって式変形の流れが理解できた。,,,,
D-2021_U88,,ところどころ行列の変換がわからないことがあった。,,,
D-2021_U89,高速フーリエ変換のメリットは2分けるごとに計算時間が半分になること,,計算時間を減らすために式をうまく分離変形して簡略な計算量に落とすこと,n=8のときなどnがそれなりに大きいときにWを64個書くのが時間がかかるので簡略化した書き方を知りたいと思った。,
D-2021_U90,自然数nを偶奇で分けることによr、離散フーリエ変換は高速フーリエ変換できるようになる。,,本日の講義では、離散フーリエ変換の演算回数を減らすことができる高速フーリエ変換を行った。これにより、劇的に演算回数を減らせることができる。,,
D-2021_U91,信号の流れ,,高速フーリエ変換,,
D-2021_U93,高速フーリエ変換がどのような仕組みで成り立ち、問題にどのように使うことができるのか、ということ。,,,,
D-2021_U96,,,"離散フーリエ変換の行列演算を偶数部と奇数部に分けて簡略化したのを、高速フーリエ変換という。
簡略化をしていけば、演算回数が少なくなる。
高速フーリエ変換には周波数データを偶数、奇数部に分ける周波数間引き型と、
時間データについて分ける時間間引き型の2つがある。",,
D-2021_U97,"2のべき乗のデータに対して用いる．
偶数と奇数データに分けて行列を変形し，まとめることで計算回数を減らしていく．
01234567というデータがあれば，2で割ったときの値がさらに偶奇に分かれるように，04261537という風に並べ替える．",,高速フーリエ変換について,,
D-2021_U99,高速フーリエ変換を用いた計算方法を理解できた。,高速フーリエ変換でやったとしても、手作業で計算するのは面倒だった。,"高速フーリエ変換は離散フーリエ変換の計算量を抑える手法である。
行列のサイズが2^nでないとあまり効果が無い。",,
D-2022_U1,離散フーリエ変換の計算回数を減らすことができる。,,,,
D-2022_U14,高速フーリエ変換,,,離散フーリエ変換と高速フーリエ変換の関係について理解することができた。離散フーリエ変換の計算は行列でまとめると見やすいということに気づいた。,
D-2022_U21,,乗算回数についてがまだあまりよく分からなかった。,高速フーリエ変換,バタフライ演算など図が複雑になってきているので、形をしっかり覚えておこうと思う。,
D-2022_U24,,,,実際に計算してみて理解を深められたので良かった。,
D-2022_U25,離散フーリエ変換は偶数と奇数で分解できることがわかった。,,離散フーリエ変換の演算回数を高速フーリエ変換によって、減らすことができる。,,
D-2022_U26,,　高速フーリエ変換の時にするWの変換が早くできないので練習をしていって早くできるようにしていきたいです,高速フーリエ変換のやり方と信号の流れ,,　高速フーリエ変換をした場合としない時では実際の処理でどの程度差が出ますか？
D-2022_U27,式から図への変換が分かりました。,,,,
D-2022_U28,高速フーリエ変換の実行アルゴリズム、計算量,単純に計算量が多くて演習を解くのが大変だった,高速フーリエ変換(FFT),演習を解いたときに高速フーリエ変換で計算量は減っているはずなのに時間かかったし複雑だったので、これをなんの工夫もしないで解くのはもっと大変だと感じ高速フーリエ変換のありがたみがわかった,
D-2022_U29,"N=8という具体的な値における高速フーリエ変換
高速フーリエ変換を用いると、計算量が大幅に小さくなる",,高速フーリエ変換の具体的手法,,
D-2022_U30,高速フーリエ変換の導出や、基本的な考え方がわかった。,高速フーリエ変換の行列が、今少し理解できていない。,,,
D-2022_U32,,,,"今回はこれまでとは違って計算の手法的な話だった。
例題を解くのが一番だと思うので演習課題を頑張りたい。",
D-2022_U34,,窓関数,,,
D-2022_U35,,,離散フーリエ変換を高速フーリエ変換にすることで、行列積の計算量を減少させることができる。,,
D-2022_U38,,,,今日の授業の内容は初めは難しそうに感じたけどよく見ると一つ一つの手順は理解しやすく全体としても理解することができました。,
D-2022_U40,,,高速フーリエ変換をする方法は偶数部と奇数部に分けて考えることで行うことができる,,
D-2022_U42,,講義中に出された例でも少しわからない部分があったので理解したい,,演習を通してある程度は理解できたがもう少し他の問題も通して理解を深めたいと感じた,
D-2022_U43,高速フーリエ変換のアルゴリズムの理解,,高速フーリエ変換は演算回数をN^2回から，(N/2)log_2(N)回までに減らすことができる．,,
D-2022_U44,,,高速フーリエ変換,,
D-2022_U45,,,光速フーリエ変換,高速フーリエ変換のありがたみを課題で理解した,
D-2022_U47,,,,"周期性を利用するとこのように単純化できることに驚きました。
",
D-2022_U51,,,"離散フーリエ変換の計算量を減らす方法⇨高速フーリエ変換(FFT)
FFTとは、離散フーリエ変換においてNが２で割り切れる場合、kを偶数と奇数に分け、２つのN/2の離散フーリエ変換に分解することである。",授業資料をいつもより読み込み、分からない部分をメモしておいたので、授業中はわからなかった部分に着目して説明を聞くことができた。単位行列はNが大きくなると書くのが面倒になるが、E(N)の形で省略したら効率化が図れると思った。,
D-2022_U52,,手作業で解く場合どのようにすればバタフライ演算を効率よく行えるのかがわからなかった。,,,
D-2022_U53,,,高速フーリエ変換は、WのNを半分にして乗算回数も半分にするやり方である。,,計算量の出し方。
D-2022_U55,,,,行列がでてきたり行列を図に直したりと複雑なとこもあったが、全体的に理解することができた。,
D-2022_U56,離散フーリエ変換の行列計算から高速フーリエ変換を導出することができた。,,離散フーリエ変換の計算量を少なくした高速フーリエ変換について学んだ。,実際に手を動かすことで計算量が少なくなったことを実感できた。,
D-2022_U57,,線形代数の行列計算がいまいち理解できなかったので，実際に手を動かしながら復習しておきたい．,前回までに学んだ離散フーリエ変換を高速で行う，「高速フーリエ変換」について学んだ．,,
D-2022_U58,,,離散フーリエ変換の計算をより高速化する方法,前回学んだ離散フーリエ変換をより効率よく計算できる方法を学ぶことができた。他に時間間引き型高速フーリエ変換についても調べてみたいと思った。,
D-2022_U60,,,,行列が苦手だなと思いました。,
D-2022_U61,高速フーリエ変換を実際に自分の手で行うことが出来るようになった。,演習課題の奇数番号での導出が難しかった。,,高速フーリエ変換の流れを全て説明できるようにしておきたい。,
D-2022_U62,高速フーリエ変換の行いかた、またその原理。,,,行列を久々に使用したので少し難しかったです。また、Wの行列が同型になることや、高速フーリエ変換により分解されていく事で蝶形になることが面白かったです。,
D-2022_U67,行列の計算でフーリエ変換が表現できる,,高速フーリエ変換によって乗算の回数を減らすことができる,,
D-2022_U69,,,今までの離散フーリエ変換で、計算量が多くなるとコンピュータで計算しなければならない。そのために、行列を用いた計算方法にすることでコンピュータで計算できるようにしている。また、偶数・奇数で分解していくと計算量を減らすことができ、このことから高速フーリエ変換と呼ばれる。,,
D-2022_U7,偶数データ部分の変形,,高速フーリエ変換,,
D-2022_U72,高速フーリエ変換のやり方が理解できた,信号の流れのところがよく分からなかった,離散フーリエ変換の演算回数を減らすことでより高速に演算を行う方法について学んだ,,
D-2022_U74,高速フーリエ変換,,,,
D-2022_U77,高速フーリエ変換の流れ、概要の理解。,実際の計算,,計算量が多く、実際に証明してみるのはとても大変でした。,
D-2022_U8,,,,むずかしかったのでしっかり復習したい,
D-2022_U80,,,今日の内容は高速フーリエ変換だった,,
D-2022_U82,,,高速フーリエ変換を使うことによって計算量を減らすことができる。,,
D-2022_U83,,,,今回のはもう少し頑張ればわかりそうです,
D-2022_U84,,,高速フーリエ変換について,FFTについて、高速化されたとは言え、手計算では限界があるが、機械にとっては計算量のオーダーがO(N^2)からO(logN)になることで、劇的に効率が上がると思った。,
D-2022_U85,,,高速フーリエ変換について,,
D-2022_U87,計算量の計算式が正しく理解できなかった。,周波数間引き型と、時間間引き型のちがいが理解できなかった。,,信号の流れ図を作成することによって、ある程度計算を直感的に理解できるようになった。,
D-2022_U89,周波数間引き型高速フーリエ変換の計算量を少なくする方法について学んだ。,分からなかったことはなかったが、計算量を少なくする方法が複雑で苦戦した。,,,
D-2022_U9,高速フーリエ変換の概要,,今日は高速フーリエ変換について学習した,,
D-2022_U93,演算に工夫をこなすことで計算量を減らし，高速化ができること,,,,
